id,session_time_ms,race_time_ms,filename,soc,drive_torque,steer_angle,status,pos_z,pos_x,yaw,pos_y,error_code
42,0,0,frame_000042.jpg,1.000,0.000,0.000,StartSequence,0.000000,-0.700003,0.000,0.004254,999
43,67,0,frame_000043.jpg,1.000,0.000,0.000,StartSequence,0.000000,-0.700003,0.000,0.004265,999
44,121,0,frame_000044.jpg,1.000,0.000,0.000,StartSequence,0.000000,-0.700003,0.000,0.004273,999
45,182,0,frame_000045.jpg,1.000,0.000,0.000,StartSequence,0.000000,-0.700003,0.000,0.004280,999
46,236,0,frame_000046.jpg,1.000,0.000,0.000,StartSequence,0.000000,-0.700003,0.000,0.004287,999
47,291,0,frame_000047.jpg,1.000,0.000,0.000,StartSequence,0.000000,-0.700003,0.000,0.004292,999
48,345,0,frame_000048.jpg,1.000,0.000,0.000,StartSequence,0.000000,-0.700003,0.000,0.004298,999
49,400,0,frame_000049.jpg,1.000,0.000,0.000,StartSequence,0.000000,-0.700003,0.000,0.004302,999
50,455,0,frame_000050.jpg,1.000,0.000,0.000,StartSequence,0.000000,-0.700003,0.000,0.004307,999
51,509,0,frame_000051.jpg,1.000,0.000,0.000,StartSequence,0.000000,-0.700003,0.000,0.004311,999
52,564,0,frame_000052.jpg,1.000,0.000,0.000,StartSequence,0.000000,-0.700003,0.000,0.004314,999
53,612,0,frame_000053.jpg,1.000,0.000,0.000,StartSequence,0.000000,-0.700003,0.000,0.004317,999
54,667,0,frame_000054.jpg,1.000,0.000,0.000,StartSequence,0.000000,-0.700003,0.000,0.004320,999
55,727,0,frame_000055.jpg,1.000,0.000,0.000,StartSequence,0.000000,-0.700003,0.000,0.004323,999
56,788,0,frame_000056.jpg,1.000,0.000,0.000,StartSequence,0.000000,-0.700003,0.000,0.004326,999
57,848,0,frame_000057.jpg,1.000,0.000,0.000,StartSequence,0.000000,-0.700003,0.000,0.004329,999
58,891,0,frame_000058.jpg,1.000,0.000,0.000,StartSequence,0.000000,-0.700003,0.000,0.004330,999
59,952,0,frame_000059.jpg,1.000,0.000,0.000,StartSequence,0.000000,-0.700003,0.000,0.004332,999
60,1000,0,frame_000060.jpg,1.000,0.000,0.000,StartSequence,0.000000,-0.700003,0.000,0.004334,999
61,1061,0,frame_000061.jpg,1.000,0.000,0.000,StartSequence,0.000000,-0.700003,0.000,0.004336,999
62,1115,0,frame_000062.jpg,1.000,0.000,0.000,StartSequence,0.000000,-0.700003,0.000,0.004337,999
63,1170,0,frame_000063.jpg,1.000,0.000,0.000,StartSequence,0.000000,-0.700003,0.000,0.004338,999
64,1224,0,frame_000064.jpg,1.000,0.000,0.000,StartSequence,0.000000,-0.700003,0.000,0.004339,999
65,1285,0,frame_000065.jpg,1.000,0.000,0.000,StartSequence,0.000000,-0.700003,0.000,0.004341,999
66,1339,0,frame_000066.jpg,1.000,0.000,0.000,StartSequence,0.000000,-0.700003,0.000,0.004342,999
67,1400,0,frame_000067.jpg,1.000,0.000,0.000,StartSequence,0.000000,-0.700003,0.000,0.004343,999
68,1455,0,frame_000068.jpg,1.000,0.000,0.000,StartSequence,0.000000,-0.700003,0.000,0.004343,999
69,1515,0,frame_000069.jpg,1.000,0.000,0.000,StartSequence,0.000000,-0.700003,0.000,0.004344,999
70,1570,0,frame_000070.jpg,1.000,0.000,0.000,StartSequence,0.000000,-0.700003,0.000,0.004345,999
71,1624,0,frame_000071.jpg,1.000,0.000,0.000,StartSequence,0.000000,-0.700003,0.000,0.004345,999
72,1685,0,frame_000072.jpg,1.000,0.000,0.000,StartSequence,0.000000,-0.700003,0.000,0.004346,999
73,1739,0,frame_000073.jpg,1.000,0.000,0.000,StartSequence,0.000000,-0.700003,0.000,0.004346,999
74,1794,0,frame_000074.jpg,1.000,0.000,0.000,StartSequence,0.000000,-0.700003,0.000,0.004347,999
75,1848,0,frame_000075.jpg,1.000,0.000,0.000,StartSequence,0.000000,-0.700003,0.000,0.004347,999
76,1903,0,frame_000076.jpg,1.000,0.000,0.000,StartSequence,0.000000,-0.700003,0.000,0.004348,999
77,1957,0,frame_000077.jpg,1.000,0.000,0.000,StartSequence,0.000000,-0.700003,0.000,0.004348,999
78,2012,0,frame_000078.jpg,1.000,0.000,0.000,StartSequence,0.000000,-0.700003,0.000,0.004348,999
79,2066,0,frame_000079.jpg,1.000,0.000,0.000,StartSequence,0.000000,-0.700003,0.000,0.004349,999
80,2115,0,frame_000080.jpg,1.000,0.000,0.000,StartSequence,0.000000,-0.700003,0.000,0.004349,999
81,2170,0,frame_000081.jpg,1.000,0.000,0.000,StartSequence,0.000000,-0.700003,0.000,0.004349,999
82,2224,0,frame_000082.jpg,1.000,0.000,0.000,StartSequence,0.000000,-0.700003,0.000,0.004349,999
83,2279,0,frame_000083.jpg,1.000,0.000,0.000,StartSequence,0.000000,-0.700003,0.000,0.004349,999
84,2333,0,frame_000084.jpg,1.000,0.000,0.000,StartSequence,0.000000,-0.700003,0.000,0.004350,999
85,2388,0,frame_000085.jpg,1.000,0.000,0.000,StartSequence,0.000000,-0.700003,0.000,0.004350,999
86,2442,0,frame_000086.jpg,1.000,0.000,0.000,StartSequence,0.000000,-0.700003,0.000,0.004350,999
87,2497,0,frame_000087.jpg,1.000,0.000,0.000,StartSequence,0.000000,-0.700003,0.000,0.004350,999
88,2558,0,frame_000088.jpg,1.000,0.000,0.000,StartSequence,0.000000,-0.700003,0.000,0.004350,999
89,2612,0,frame_000089.jpg,1.000,0.000,0.000,StartSequence,0.000000,-0.700003,0.000,0.004350,999
90,2667,0,frame_000090.jpg,1.000,0.000,0.000,StartSequence,0.000000,-0.700003,0.000,0.004350,999
91,2721,0,frame_000091.jpg,1.000,0.000,0.000,StartSequence,0.000000,-0.700003,0.000,0.004351,999
92,2788,0,frame_000092.jpg,1.000,0.000,0.000,StartSequence,0.000000,-0.700003,0.000,0.004351,999
93,2842,0,frame_000093.jpg,1.000,0.000,0.000,StartSequence,0.000000,-0.700003,0.000,0.004351,999
94,2897,0,frame_000094.jpg,1.000,0.000,0.000,StartSequence,0.000000,-0.700003,0.000,0.004351,999
95,2951,0,frame_000095.jpg,1.000,0.000,0.000,StartSequence,0.000000,-0.700003,0.000,0.004351,999
96,3006,0,frame_000096.jpg,1.000,0.000,0.000,StartSequence,0.000000,-0.700003,0.000,0.004351,999
97,3061,0,frame_000097.jpg,1.000,0.000,0.000,StartSequence,0.000000,-0.700003,0.000,0.004351,999
98,3121,0,frame_000098.jpg,1.000,0.000,0.000,StartSequence,0.000000,-0.700003,0.000,0.004351,999
99,3176,0,frame_000099.jpg,1.000,0.000,0.000,StartSequence,0.000000,-0.700003,0.000,0.004351,999
100,3230,0,frame_000100.jpg,1.000,0.000,0.000,StartSequence,0.000000,-0.700003,0.000,0.004351,999
101,3285,0,frame_000101.jpg,1.000,0.000,0.000,StartSequence,0.000000,-0.700003,0.000,0.004351,999
102,3333,0,frame_000102.jpg,1.000,0.000,0.000,StartSequence,0.000000,-0.700003,0.000,0.004351,999
103,3394,0,frame_000103.jpg,1.000,0.000,0.000,StartSequence,0.000000,-0.700003,0.000,0.004351,999
104,3455,0,frame_000104.jpg,1.000,0.000,0.000,StartSequence,0.000000,-0.700003,0.000,0.004351,999
105,3515,0,frame_000105.jpg,1.000,0.000,0.000,StartSequence,0.000000,-0.700003,0.000,0.004351,999
106,3570,0,frame_000106.jpg,1.000,0.000,0.000,StartSequence,0.000000,-0.700003,0.000,0.004351,999
107,3618,0,frame_000107.jpg,1.000,0.000,0.000,StartSequence,0.000000,-0.700003,0.000,0.004351,999
108,3679,0,frame_000108.jpg,1.000,0.000,0.000,StartSequence,0.000000,-0.700003,0.000,0.004351,999
109,3733,0,frame_000109.jpg,1.000,0.000,0.000,StartSequence,0.000000,-0.700003,0.000,0.004351,999
110,3788,0,frame_000110.jpg,1.000,0.000,0.000,StartSequence,0.000000,-0.700003,0.000,0.004351,999
111,3842,0,frame_000111.jpg,1.000,0.000,0.000,StartSequence,0.000000,-0.700003,0.000,0.004351,999
112,3897,0,frame_000112.jpg,1.000,0.000,0.000,StartSequence,0.000000,-0.700003,0.000,0.004351,999
113,3951,0,frame_000113.jpg,1.000,0.000,0.000,StartSequence,0.000000,-0.700003,0.000,0.004351,999
114,4006,0,frame_000114.jpg,1.000,0.000,0.000,StartSequence,0.000000,-0.700003,0.000,0.004351,999
115,4061,55,frame_000115.jpg,1.000,0.000,0.000,Lap0,0.000000,-0.700003,0.000,0.004351,999
116,4115,109,frame_000116.jpg,1.000,0.000,0.000,Lap0,0.000000,-0.700003,0.000,0.004351,999
117,4170,164,frame_000117.jpg,1.000,0.000,0.000,Lap0,0.000000,-0.700003,0.000,0.004351,999
118,4224,218,frame_000118.jpg,1.000,0.000,0.000,Lap0,0.000000,-0.700003,0.000,0.004351,999
119,4279,273,frame_000119.jpg,1.000,0.000,0.000,Lap0,0.000000,-0.700003,0.000,0.004351,999
120,4333,327,frame_000120.jpg,1.000,0.000,0.000,Lap0,0.000000,-0.700003,0.000,0.004351,999
121,4376,370,frame_000121.jpg,1.000,0.000,0.000,Lap0,0.000000,-0.700003,0.000,0.004351,999
122,4485,479,frame_000122.jpg,1.000,0.000,0.000,Lap0,0.000000,-0.700003,0.000,0.004351,999
123,4539,534,frame_000123.jpg,1.000,0.000,0.000,Lap0,0.000000,-0.700003,0.000,0.004351,999
124,4594,588,frame_000124.jpg,1.000,0.250,0.000,Lap0,0.001260,-0.700003,0.000,0.004351,999
125,4648,643,frame_000125.jpg,1.000,0.498,0.000,Lap0,0.011822,-0.700003,0.000,0.004351,999
126,4709,703,frame_000126.jpg,1.000,0.750,0.000,Lap0,0.038766,-0.700003,0.000,0.004351,999
127,4764,758,frame_000127.jpg,1.000,0.750,0.000,Lap0,0.078728,-0.700003,0.000,0.004351,999
128,4824,818,frame_000128.jpg,1.000,1.000,0.000,Lap0,0.133702,-0.700003,0.000,0.004350,999
129,4879,873,frame_000129.jpg,0.999,1.000,0.000,Lap0,0.194366,-0.700003,0.000,0.004348,999
130,4933,927,frame_000130.jpg,0.999,1.000,0.000,Lap0,0.259963,-0.700003,0.000,0.004346,999
131,4988,982,frame_000131.jpg,0.999,1.000,0.000,Lap0,0.327528,-0.700003,0.000,0.004342,999
132,5042,1037,frame_000132.jpg,0.999,1.000,0.000,Lap0,0.396875,-0.700003,0.000,0.004912,999
133,5103,1097,frame_000133.jpg,0.999,1.000,0.000,Lap0,0.478238,-0.700003,0.000,0.005710,999
134,5151,1146,frame_000134.jpg,0.999,1.000,0.000,Lap0,0.550445,-0.700001,-0.004,0.006047,999
135,5206,1200,frame_000135.jpg,0.999,1.000,0.000,Lap0,0.625957,-0.700034,-0.080,0.005760,999
136,5261,1255,frame_000136.jpg,0.998,1.000,0.000,Lap0,0.697110,-0.700127,-0.098,0.004420,999
137,5315,1309,frame_000137.jpg,0.998,1.000,0.000,Lap0,0.766912,-0.700248,-0.086,0.004143,999
138,5370,1364,frame_000138.jpg,0.998,1.000,0.000,Lap0,0.837464,-0.700351,-0.066,0.005546,999
139,5424,1418,frame_000139.jpg,0.998,1.000,0.000,Lap0,0.913131,-0.700445,-0.106,0.005809,999
140,5479,1473,frame_000140.jpg,0.998,1.000,0.000,Lap0,0.988935,-0.700735,-0.480,0.006207,999
141,5533,1527,frame_000141.jpg,0.998,1.000,0.000,Lap0,1.061921,-0.701346,-0.553,0.004476,999
142,5588,1582,frame_000142.jpg,0.998,1.000,0.000,Lap0,1.132491,-0.702003,-0.488,0.005817,999
143,5642,1637,frame_000143.jpg,0.998,1.000,0.000,Lap0,1.204504,-0.702588,-0.288,0.005202,999
144,5703,1697,frame_000144.jpg,0.997,1.000,0.000,Lap0,1.284444,-0.702912,-0.053,0.005078,999
145,5758,1752,frame_000145.jpg,0.997,1.000,0.000,Lap0,1.359410,-0.702973,-0.054,0.005767,999
146,5812,1806,frame_000146.jpg,0.997,1.000,0.000,Lap0,1.433699,-0.703257,-0.586,0.006392,999
147,5861,1855,frame_000147.jpg,0.997,1.000,0.000,Lap0,1.498901,-0.704001,-1.001,0.004864,999
148,5921,1915,frame_000148.jpg,0.997,1.000,0.000,Lap0,1.577046,-0.705385,-1.090,0.004379,999
149,5976,1970,frame_000149.jpg,0.997,1.000,0.000,Lap0,1.649777,-0.706738,-0.981,0.005960,999
150,6036,2030,frame_000150.jpg,0.996,1.000,0.000,Lap0,1.731834,-0.708107,-0.907,0.004778,999
151,6091,2085,frame_000151.jpg,0.996,0.040,0.096,Lap0,1.805882,-0.709313,-0.940,0.005850,999
152,6139,2134,frame_000152.jpg,0.996,0.000,0.100,Lap0,1.856225,-0.709183,-0.541,0.004428,999
153,6200,2194,frame_000153.jpg,0.996,0.000,0.280,Lap0,1.881329,-0.707295,0.493,0.004095,999
154,6248,2243,frame_000154.jpg,0.996,0.240,0.396,Lap0,1.889020,-0.705999,1.481,0.003884,999
155,6303,2297,frame_000155.jpg,0.996,0.450,0.480,Lap0,1.891784,-0.705757,2.233,0.003841,999
156,6358,2352,frame_000156.jpg,0.996,0.500,0.500,Lap0,1.909682,-0.701927,3.452,0.003861,999
157,6412,2406,frame_000157.jpg,0.996,0.950,0.524,Lap0,1.939224,-0.694459,6.154,0.003897,999
158,6473,2467,frame_000158.jpg,0.996,0.200,0.524,Lap0,1.989041,-0.679544,10.644,0.003937,999
159,6527,2521,frame_000159.jpg,0.996,0.000,0.524,Lap0,2.022532,-0.664561,15.936,0.003972,999
160,6582,2576,frame_000160.jpg,0.996,0.000,0.524,Lap0,2.040787,-0.654149,20.139,0.004005,999
161,6630,2624,frame_000161.jpg,0.996,0.200,0.524,Lap0,2.047272,-0.649339,22.134,0.004033,999
162,6685,2679,frame_000162.jpg,0.996,0.250,0.524,Lap0,2.055129,-0.643876,23.854,0.004061,999
163,6739,2734,frame_000163.jpg,0.996,0.700,0.524,Lap0,2.068125,-0.635090,26.398,0.004087,999
164,6794,2788,frame_000164.jpg,0.996,0.750,0.524,Lap0,2.094657,-0.615241,29.124,0.004108,999
165,6848,2843,frame_000165.jpg,0.996,0.200,0.524,Lap0,2.128685,-0.586593,33.266,0.004126,999
166,6909,2903,frame_000166.jpg,0.996,0.000,0.524,Lap0,2.158417,-0.555333,38.993,0.004606,999
167,6964,2958,frame_000167.jpg,0.996,0.000,0.524,Lap0,2.166716,-0.542743,43.353,0.004645,999
168,7006,3000,frame_000168.jpg,0.996,0.200,0.524,Lap0,2.169787,-0.537603,45.230,0.004395,999
169,7061,3055,frame_000169.jpg,0.996,0.250,0.524,Lap0,2.172554,-0.532778,47.369,0.004137,999
170,7121,3115,frame_000170.jpg,0.996,0.500,0.524,Lap0,2.182782,-0.518404,48.034,0.004081,999
171,7176,3170,frame_000171.jpg,0.996,0.150,0.000,Lap0,2.202219,-0.494338,49.536,0.004330,999
172,7236,3230,frame_000172.jpg,0.996,0.000,0.000,Lap0,2.221638,-0.471302,50.081,0.004623,999
173,7291,3285,frame_000173.jpg,0.996,0.000,0.000,Lap0,2.228229,-0.463373,50.255,0.004353,999
174,7345,3340,frame_000174.jpg,0.996,0.000,0.000,Lap0,2.230185,-0.461021,50.276,0.004044,999
175,7400,3394,frame_000175.jpg,0.996,0.250,0.000,Lap0,2.230230,-0.460973,50.730,0.003966,999
176,7455,3449,frame_000176.jpg,0.995,0.500,0.100,Lap0,2.241914,-0.445950,51.246,0.003969,999
177,7509,3503,frame_000177.jpg,0.995,0.000,0.200,Lap0,2.254223,-0.428248,51.930,0.003992,999
178,7564,3558,frame_000178.jpg,0.995,0.000,0.300,Lap0,2.257081,-0.423331,52.607,0.004022,999
179,7624,3618,frame_000179.jpg,0.995,0.250,0.400,Lap0,2.260346,-0.418572,53.116,0.004053,999
180,7679,3673,frame_000180.jpg,0.995,0.000,0.500,Lap0,2.260154,-0.418000,53.381,0.004081,999
181,7727,3721,frame_000181.jpg,0.995,0.000,0.524,Lap0,2.255782,-0.424943,53.402,0.004103,999
182,7788,3782,frame_000182.jpg,0.995,0.250,0.524,Lap0,2.249600,-0.434649,52.559,0.004129,999
183,7836,3830,frame_000183.jpg,0.995,0.500,0.524,Lap0,2.254455,-0.427661,52.214,0.004146,999
184,7897,3891,frame_000184.jpg,0.995,0.750,0.524,Lap0,2.266263,-0.405096,53.884,0.004165,999
185,7945,3940,frame_000185.jpg,0.995,0.150,0.524,Lap0,2.280514,-0.375382,56.709,0.004177,999
186,8000,3994,frame_000186.jpg,0.995,0.000,0.524,Lap0,2.289691,-0.348101,61.168,0.004190,999
187,8054,4049,frame_000187.jpg,0.995,0.000,0.524,Lap0,2.295795,-0.328461,64.827,0.004203,999
188,8115,4109,frame_000188.jpg,0.995,0.250,0.524,Lap0,2.298093,-0.317425,67.106,0.004218,999
189,8170,4164,frame_000189.jpg,0.995,0.500,0.524,Lap0,2.301251,-0.301673,69.299,0.004228,999
190,8230,4224,frame_000190.jpg,0.995,0.750,0.524,Lap0,2.306842,-0.269079,72.443,0.004536,999
191,8285,4279,frame_000191.jpg,0.995,0.000,0.524,Lap0,2.311397,-0.232417,76.295,0.005300,999
192,8345,4340,frame_000192.jpg,0.995,0.000,0.524,Lap0,2.310899,-0.213206,80.010,0.004637,999
193,8406,4400,frame_000193.jpg,0.995,0.000,0.524,Lap0,2.310167,-0.207136,83.191,0.004038,999
194,8461,4455,frame_000194.jpg,0.995,0.200,0.524,Lap0,2.310374,-0.200046,84.706,0.003790,999
195,8515,4509,frame_000195.jpg,0.995,0.498,0.524,Lap0,2.309138,-0.201390,85.667,0.003763,999
196,8570,4564,frame_000196.jpg,0.995,0.100,0.524,Lap0,2.308615,-0.185265,86.479,0.003791,999
197,8624,4618,frame_000197.jpg,0.995,0.000,0.524,Lap0,2.305622,-0.172690,88.835,0.003833,999
198,8679,4673,frame_000198.jpg,0.995,0.000,0.524,Lap0,2.305015,-0.164538,90.679,0.003877,999
199,8739,4733,frame_000199.jpg,0.995,0.000,0.524,Lap0,2.303673,-0.164056,91.853,0.003923,999
200,8800,4794,frame_000200.jpg,0.995,0.496,0.524,Lap0,2.303624,-0.157509,92.426,0.003965,999
201,8861,4855,frame_000201.jpg,0.995,0.500,0.524,Lap0,2.301305,-0.146415,93.061,0.004003,999
202,8921,4915,frame_000202.jpg,0.995,0.001,0.524,Lap0,2.294142,-0.119967,95.650,0.004035,999
203,8970,4964,frame_000203.jpg,0.995,0.000,0.524,Lap0,2.289876,-0.109856,98.251,0.004060,999
204,9030,5024,frame_000204.jpg,0.995,0.000,0.524,Lap0,2.287347,-0.105104,100.408,0.004089,999
205,9085,5079,frame_000205.jpg,0.995,0.000,0.524,Lap0,2.285386,-0.100370,102.300,0.004112,999
206,9139,5134,frame_000206.jpg,0.995,0.500,0.524,Lap0,2.283639,-0.093901,103.307,0.004133,999
207,9194,5188,frame_000207.jpg,0.995,0.500,0.524,Lap0,2.274633,-0.073824,104.842,0.004152,999
208,9248,5243,frame_000208.jpg,0.995,0.000,0.524,Lap0,2.263156,-0.052230,107.796,0.004168,999
209,9303,5297,frame_000209.jpg,0.995,0.000,0.524,Lap0,2.256912,-0.043322,110.733,0.004184,999
210,9358,5352,frame_000210.jpg,0.995,0.000,0.000,Lap0,2.253810,-0.036325,111.662,0.004199,999
211,9412,5406,frame_000211.jpg,0.994,0.250,0.000,Lap0,2.250557,-0.028090,111.642,0.004212,999
212,9473,5467,frame_000212.jpg,0.994,0.000,0.000,Lap0,2.249691,-0.025932,111.636,0.004227,999
213,9527,5521,frame_000213.jpg,0.994,0.000,0.100,Lap0,2.249343,-0.025181,111.741,0.004238,999
214,9576,5570,frame_000214.jpg,0.994,0.000,0.200,Lap0,2.247624,-0.021652,112.439,0.004247,999
215,9630,5624,frame_000215.jpg,0.994,0.000,0.200,Lap0,2.245510,-0.017087,112.860,0.004256,999
216,9691,5685,frame_000216.jpg,0.994,0.000,0.300,Lap0,2.244195,-0.014625,113.147,0.004266,999
217,9745,5740,frame_000217.jpg,0.994,0.250,0.400,Lap0,2.243510,-0.013783,113.388,0.004274,999
218,9806,5800,frame_000218.jpg,0.994,0.020,0.523,Lap0,2.235741,-0.000528,114.123,0.004281,999
219,9873,5867,frame_000219.jpg,0.994,0.000,0.524,Lap0,2.231779,0.002892,115.891,0.004289,999
220,9927,5921,frame_000220.jpg,0.994,0.000,0.524,Lap0,2.231045,0.003737,116.484,0.004294,999
221,9976,5970,frame_000221.jpg,0.994,0.000,0.524,Lap0,2.229918,0.006226,116.720,0.004299,999
222,10030,6024,frame_000222.jpg,0.994,0.000,0.524,Lap0,2.229629,0.005975,116.953,0.004304,999
223,10085,6079,frame_000223.jpg,0.994,0.250,0.524,Lap0,2.229358,0.005809,117.141,0.004308,999
224,10145,6140,frame_000224.jpg,0.994,0.000,0.524,Lap0,2.228840,0.006978,117.275,0.004313,999
225,10200,6194,frame_000225.jpg,0.994,0.000,0.524,Lap0,2.228240,0.007659,117.599,0.004316,999
226,10254,6249,frame_000226.jpg,0.994,0.000,0.524,Lap0,2.229359,0.004861,117.679,0.004319,999
227,10297,6291,frame_000227.jpg,0.994,0.000,0.524,Lap0,2.229429,0.004515,117.695,0.004322,999
228,10358,6352,frame_000228.jpg,0.994,0.000,0.524,Lap0,2.228278,0.007585,117.684,0.004324,999
229,10406,6400,frame_000229.jpg,0.994,0.250,0.524,Lap0,2.228212,0.007311,117.755,0.004327,999
230,10461,6455,frame_000230.jpg,0.994,0.500,0.524,Lap0,2.222802,0.014810,118.038,0.004329,999
231,10515,6509,frame_000231.jpg,0.994,0.750,0.524,Lap0,2.205097,0.037551,120.078,0.004330,999
232,10576,6570,frame_000232.jpg,0.994,0.750,0.524,Lap0,2.175112,0.071530,124.254,0.004331,999
233,10630,6624,frame_000233.jpg,0.994,0.000,0.524,Lap0,2.147799,0.096455,129.193,0.004332,999
234,10679,6673,frame_000234.jpg,0.994,0.000,0.524,Lap0,2.133844,0.106196,132.719,0.004334,999
235,10739,6733,frame_000235.jpg,0.994,0.000,0.524,Lap0,2.121716,0.115352,135.997,0.004336,999
236,10782,6776,frame_000236.jpg,0.994,0.250,0.524,Lap0,2.116507,0.118796,137.140,0.004337,999
237,10848,6843,frame_000237.jpg,0.994,0.500,0.524,Lap0,2.099875,0.129213,139.336,0.004338,999
238,10903,6897,frame_000238.jpg,0.994,0.750,0.524,Lap0,2.074706,0.143459,142.108,0.004338,999
239,10951,6946,frame_000239.jpg,0.994,0.000,0.524,Lap0,2.048852,0.155671,145.533,0.004338,999
240,11006,7000,frame_000240.jpg,0.994,0.000,0.524,Lap0,2.035290,0.159800,149.221,0.004339,999
241,11061,7055,frame_000241.jpg,0.994,0.000,0.524,Lap0,2.029022,0.161311,151.456,0.004341,999
242,11109,7103,frame_000242.jpg,0.994,0.000,0.000,Lap0,2.027832,0.161843,151.468,0.004342,999
243,11176,7170,frame_000243.jpg,0.994,0.000,0.000,Lap0,2.028369,0.161514,151.075,0.004344,999
244,11230,7224,frame_000244.jpg,0.994,0.000,0.000,Lap0,2.027884,0.161778,151.001,0.004344,999
245,11279,7273,frame_000245.jpg,0.994,0.250,0.000,Lap0,2.026850,0.162350,150.955,0.004345,999
246,11333,7327,frame_000246.jpg,0.994,0.250,0.000,Lap0,2.015608,0.168586,151.002,0.004345,999
247,11394,7388,frame_000247.jpg,0.994,0.700,0.000,Lap0,1.993761,0.180691,151.016,0.004345,999
248,11442,7437,frame_000248.jpg,0.994,0.750,0.000,Lap0,1.965656,0.196262,151.020,0.004345,999
249,11497,7491,frame_000249.jpg,0.994,0.000,0.080,Lap0,1.936429,0.212452,151.022,0.004344,999
250,11551,7546,frame_000250.jpg,0.994,0.000,0.100,Lap0,1.916125,0.222723,151.330,0.004344,999
251,11606,7600,frame_000251.jpg,0.994,0.000,0.200,Lap0,1.908747,0.226127,151.736,0.004345,999
252,11661,7655,frame_000252.jpg,0.994,0.000,0.300,Lap0,1.897826,0.231176,152.183,0.004346,999
253,11721,7715,frame_000253.jpg,0.994,0.250,0.300,Lap0,1.893571,0.232307,153.000,0.004347,999
254,11758,7752,frame_000254.jpg,0.994,0.500,0.300,Lap0,1.889503,0.234043,153.249,0.004347,999
255,11818,7812,frame_000255.jpg,0.993,0.750,0.300,Lap0,1.864642,0.244154,154.162,0.004347,999
256,11873,7867,frame_000256.jpg,0.993,0.750,0.300,Lap0,1.826477,0.257663,156.155,0.004345,999
257,11927,7921,frame_000257.jpg,0.993,0.000,0.300,Lap0,1.787722,0.269031,158.972,0.004343,999
258,11988,7982,frame_000258.jpg,0.993,0.000,0.300,Lap0,1.770418,0.272335,161.999,0.004344,999
259,12042,8036,frame_000259.jpg,0.993,0.000,0.300,Lap0,1.764722,0.273363,163.162,0.004345,999
260,12097,8091,frame_000260.jpg,0.993,0.000,0.300,Lap0,1.759848,0.274108,164.372,0.004347,999
261,12151,8146,frame_000261.jpg,0.993,0.250,0.300,Lap0,1.753707,0.275424,165.078,0.004347,999
262,12206,8200,frame_000262.jpg,0.993,0.500,0.300,Lap0,1.740482,0.277938,165.384,0.004347,999
263,12260,8255,frame_000263.jpg,0.993,0.500,0.300,Lap0,1.717294,0.281061,167.340,0.004346,999
264,12309,8303,frame_000264.jpg,0.993,0.000,0.300,Lap0,1.693937,0.283082,169.118,0.004345,999
265,12370,8364,frame_000265.jpg,0.993,0.000,0.300,Lap0,1.680897,0.283369,171.150,0.004346,999
266,12424,8418,frame_000266.jpg,0.993,0.000,0.300,Lap0,1.677650,0.283220,172.162,0.004347,999
267,12479,8473,frame_000267.jpg,0.993,0.000,0.300,Lap0,1.686767,0.282409,172.671,0.004349,999
268,12533,8527,frame_000268.jpg,0.993,0.248,0.300,Lap0,1.689637,0.282714,172.679,0.004349,999
269,12588,8582,frame_000269.jpg,0.993,0.450,0.300,Lap0,1.687795,0.283052,172.490,0.004350,999
270,12648,8643,frame_000270.jpg,0.993,0.500,0.300,Lap0,1.670531,0.283726,173.080,0.004349,999
271,12703,8697,frame_000271.jpg,0.993,0.500,0.300,Lap0,1.642077,0.283851,174.523,0.004349,999
272,12751,8745,frame_000272.jpg,0.993,0.000,0.300,Lap0,1.619028,0.282839,176.408,0.004348,999
273,12812,8806,frame_000273.jpg,0.993,0.000,0.300,Lap0,1.607003,0.281585,178.392,0.004348,999
274,12866,8860,frame_000274.jpg,0.993,0.000,0.300,Lap0,1.599186,0.281023,179.453,0.004349,999
275,12921,8915,frame_000275.jpg,0.993,0.000,0.000,Lap0,1.595404,0.280897,179.969,0.004349,999
276,12975,8969,frame_000276.jpg,0.993,0.000,0.000,Lap0,1.588871,0.280929,-179.891,0.004350,999
277,13030,9024,frame_000277.jpg,0.993,0.250,0.000,Lap0,1.588460,0.280929,-179.849,0.004350,999
278,13084,9078,frame_000278.jpg,0.993,0.500,0.000,Lap0,1.579472,0.280903,-179.836,0.004350,999
279,13139,9133,frame_000279.jpg,0.993,0.750,0.000,Lap0,1.549671,0.280816,-179.833,0.004349,999
280,13193,9187,frame_000280.jpg,0.993,0.750,0.000,Lap0,1.506112,0.280686,-179.832,0.004347,999
281,13248,9242,frame_000281.jpg,0.993,1.000,0.000,Lap0,1.454936,0.280533,-179.832,0.004345,999
282,13302,9296,frame_000282.jpg,0.993,1.000,0.000,Lap0,1.393263,0.280349,-179.833,0.004695,999
283,13357,9351,frame_000283.jpg,0.992,1.000,0.000,Lap0,1.324896,0.280150,-179.848,0.005332,999
284,13411,9405,frame_000284.jpg,0.992,1.000,0.000,Lap0,1.249377,0.279958,-179.869,0.007396,999
285,13466,9460,frame_000285.jpg,0.992,1.000,0.000,Lap0,1.169799,0.279786,-179.908,0.004798,999
286,13520,9514,frame_000286.jpg,0.992,1.000,0.000,Lap0,1.098121,0.279670,-179.933,0.004738,999
287,13575,9569,frame_000287.jpg,0.992,1.000,0.000,Lap0,1.028312,0.279588,-179.945,0.004086,999
288,13629,9623,frame_000288.jpg,0.992,1.000,0.000,Lap0,0.958532,0.279523,-179.948,0.005042,999
289,13673,9667,frame_000289.jpg,0.992,1.000,0.000,Lap0,0.900513,0.279496,179.969,0.006038,999
290,13727,9721,frame_000290.jpg,0.992,1.000,0.000,Lap0,0.825435,0.279717,179.513,0.005798,999
291,13782,9776,frame_000291.jpg,0.991,1.000,0.000,Lap0,0.749736,0.280581,178.940,0.005372,999
292,13836,9830,frame_000292.jpg,0.991,1.000,0.000,Lap0,0.678293,0.281935,178.793,0.005660,999
293,13891,9885,frame_000293.jpg,0.991,1.000,0.000,Lap0,0.606378,0.283450,178.838,0.005202,999
294,13939,9933,frame_000294.jpg,0.991,1.000,0.000,Lap0,0.543123,0.284748,178.866,0.004680,999
295,13994,9988,frame_000295.jpg,0.991,1.000,0.000,Lap0,0.472083,0.286168,178.847,0.006056,999
296,14048,10043,frame_000296.jpg,0.991,1.000,0.000,Lap0,0.396782,0.287711,178.784,0.005443,999
297,14103,10097,frame_000297.jpg,0.991,1.000,0.000,Lap0,0.323998,0.289252,178.783,0.006452,999
298,14158,10152,frame_000298.jpg,0.991,1.000,0.000,Lap0,0.250148,0.290822,178.769,0.005003,999
299,14212,10206,frame_000299.jpg,0.990,1.000,0.000,Lap0,0.178862,0.292368,178.717,0.005430,999
300,14273,10267,frame_000300.jpg,0.990,1.000,0.000,Lap0,0.097161,0.294142,178.880,0.005464,999
301,14327,10321,frame_000301.jpg,0.990,1.000,0.000,Lap0,0.023817,0.295389,179.341,0.006673,999
302,14382,10376,frame_000302.jpg,0.990,1.000,0.000,Lap0,-0.050484,0.296134,179.723,0.004883,999
303,14436,10430,frame_000303.jpg,0.990,1.000,0.000,Lap0,-0.121773,0.296489,179.769,0.005843,999
304,14491,10485,frame_000304.jpg,0.990,1.000,0.000,Lap0,-0.194340,0.296760,179.761,0.005098,999
305,14539,10533,frame_000305.jpg,0.990,1.000,0.000,Lap0,-0.257810,0.297009,179.784,0.004506,999
306,14600,10594,frame_000306.jpg,0.989,1.000,0.000,Lap0,-0.339091,0.297323,179.717,0.005671,999
307,14654,10649,frame_000307.jpg,0.989,1.000,0.000,Lap0,-0.411878,0.297832,179.330,0.006153,999
308,14709,10703,frame_000308.jpg,0.989,1.000,0.000,Lap0,-0.485649,0.298835,178.905,0.005230,999
309,14770,10764,frame_000309.jpg,0.989,1.000,0.000,Lap0,-0.564635,0.300379,178.824,0.005226,999
310,14824,10818,frame_000310.jpg,0.989,1.000,0.000,Lap0,-0.637439,0.301832,178.938,0.005541,999
311,14873,10867,frame_000311.jpg,0.989,1.000,0.000,Lap0,-0.702140,0.303051,178.895,0.004738,999
312,14927,10921,frame_000312.jpg,0.989,1.000,0.000,Lap0,-0.775623,0.304535,178.752,0.006032,999
313,14982,10976,frame_000313.jpg,0.989,1.000,0.000,Lap0,-0.849679,0.306089,178.897,0.004772,999
314,15036,11030,frame_000314.jpg,0.989,1.000,0.000,Lap0,-0.923100,0.307402,179.161,0.005634,999
315,15091,11085,frame_000315.jpg,0.988,1.000,0.000,Lap0,-0.995472,0.308469,179.190,0.004502,999
316,15139,11133,frame_000316.jpg,0.988,1.000,0.000,Lap0,-1.059448,0.309398,179.107,0.006172,999
317,15194,11188,frame_000317.jpg,0.988,1.000,0.000,Lap0,-1.133246,0.310519,179.177,0.004844,999
318,15248,11243,frame_000318.jpg,0.988,1.000,0.000,Lap0,-1.206640,0.311483,179.400,0.005968,999
319,15303,11297,frame_000319.jpg,0.988,1.000,0.000,Lap0,-1.279818,0.312254,179.433,0.004605,999
320,15357,11352,frame_000320.jpg,0.988,1.000,0.000,Lap0,-1.351521,0.312998,179.312,0.006089,999
321,15406,11400,frame_000321.jpg,0.988,1.000,0.000,Lap0,-1.416936,0.313776,179.312,0.004978,999
322,15461,11455,frame_000322.jpg,0.987,1.000,0.000,Lap0,-1.489881,0.314582,179.494,0.006216,999
323,15515,11509,frame_000323.jpg,0.987,1.000,0.000,Lap0,-1.563605,0.315233,179.521,0.004774,999
324,15570,11564,frame_000324.jpg,0.987,1.000,0.000,Lap0,-1.635145,0.315868,179.412,0.006207,999
325,15624,11618,frame_000325.jpg,0.987,1.000,0.000,Lap0,-1.708702,0.316639,179.377,0.005003,999
326,15673,11667,frame_000326.jpg,0.987,1.000,0.000,Lap0,-1.773308,0.317282,179.543,0.006352,999
327,15727,11721,frame_000327.jpg,0.987,0.000,0.000,Lap0,-1.839596,0.317805,179.615,0.004911,999
328,15782,11776,frame_000328.jpg,0.987,0.000,0.100,Lap0,-1.868927,0.317502,179.749,0.003911,999
329,15836,11830,frame_000329.jpg,0.987,0.000,0.200,Lap0,-1.880360,0.316587,-179.685,0.003665,999
330,15891,11885,frame_000330.jpg,0.987,0.000,0.300,Lap0,-1.886369,0.315758,-179.203,0.003643,999
331,15945,11940,frame_000331.jpg,0.987,0.000,0.400,Lap0,-1.889230,0.315218,-178.764,0.003681,999
332,16000,11994,frame_000332.jpg,0.987,0.000,0.500,Lap0,-1.894409,0.315089,-178.446,0.003734,999
333,16054,12049,frame_000333.jpg,0.987,0.000,0.500,Lap0,-1.893337,0.314461,-178.090,0.003787,999
334,16109,12103,frame_000334.jpg,0.987,0.000,0.524,Lap0,-1.893348,0.314569,-178.015,0.003836,999
335,16170,12164,frame_000335.jpg,0.987,0.250,0.524,Lap0,-1.896788,0.314225,-177.933,0.003886,999
336,16224,12218,frame_000336.jpg,0.987,0.500,0.524,Lap0,-1.907463,0.311749,-177.142,0.003927,999
337,16279,12273,frame_000337.jpg,0.987,0.004,0.524,Lap0,-1.920832,0.309099,-175.835,0.003965,999
338,16333,12327,frame_000338.jpg,0.987,0.000,0.524,Lap0,-1.930271,0.305411,-173.695,0.003999,999
339,16388,12382,frame_000339.jpg,0.987,0.000,0.524,Lap0,-1.931336,0.304594,-172.437,0.004030,999
340,16442,12436,frame_000340.jpg,0.987,0.240,0.524,Lap0,-1.930674,0.304046,-171.881,0.004059,999
341,16496,12491,frame_000341.jpg,0.987,0.498,0.524,Lap0,-1.932988,0.304024,-171.658,0.004085,999
342,16545,12540,frame_000342.jpg,0.987,0.750,0.524,Lap0,-1.949082,0.299020,-170.848,0.004106,999
343,16606,12600,frame_000343.jpg,0.987,0.750,0.524,Lap0,-1.985698,0.285962,-167.821,0.004129,999
344,16654,12649,frame_000344.jpg,0.986,1.000,0.524,Lap0,-2.021508,0.270549,-164.058,0.004146,999
345,16721,12715,frame_000345.jpg,0.986,0.000,0.524,Lap0,-2.076844,0.241640,-157.708,0.004165,999
346,16776,12770,frame_000346.jpg,0.986,0.000,0.524,Lap0,-2.097288,0.225279,-152.413,0.004182,999
347,16830,12824,frame_000347.jpg,0.986,0.250,0.524,Lap0,-2.106878,0.216202,-148.771,0.004197,999
348,16879,12873,frame_000348.jpg,0.986,0.500,0.524,Lap0,-2.117981,0.205871,-146.455,0.004209,999
349,16933,12927,frame_000349.jpg,0.986,0.500,0.524,Lap0,-2.136470,0.187263,-143.550,0.004221,999
350,16994,12988,frame_000350.jpg,0.986,0.750,0.524,Lap0,-2.161148,0.159499,-139.444,0.004231,999
351,17054,13049,frame_000351.jpg,0.986,1.000,0.524,Lap0,-2.192472,0.119545,-134.395,0.004355,999
352,17103,13097,frame_000352.jpg,0.986,0.000,0.524,Lap0,-2.218253,0.081937,-129.850,0.005029,999
353,17164,13158,frame_000353.jpg,0.986,0.000,0.524,Lap0,-2.228703,0.058429,-124.909,0.004696,999
354,17206,13200,frame_000354.jpg,0.986,0.250,0.524,Lap0,-2.232962,0.047596,-121.850,0.004038,999
355,17267,13261,frame_000355.jpg,0.986,0.500,0.524,Lap0,-2.239606,0.029394,-118.845,0.003900,999
356,17327,13321,frame_000356.jpg,0.986,0.000,0.524,Lap0,-2.246448,0.005137,-115.458,0.003855,999
357,17382,13376,frame_000357.jpg,0.986,0.000,0.524,Lap0,-2.248842,-0.007609,-112.139,0.003919,999
358,17436,13430,frame_000358.jpg,0.986,0.200,0.524,Lap0,-2.252679,-0.022085,-109.555,0.003930,999
359,17491,13485,frame_000359.jpg,0.986,0.250,0.524,Lap0,-2.253220,-0.029781,-107.163,0.003959,999
360,17545,13539,frame_000360.jpg,0.986,0.700,0.524,Lap0,-2.255457,-0.045581,-105.430,0.003991,999
361,17600,13594,frame_000361.jpg,0.986,0.750,0.524,Lap0,-2.258478,-0.077423,-102.725,0.004457,999
362,17648,13643,frame_000362.jpg,0.986,0.000,0.524,Lap0,-2.259675,-0.108495,-99.497,0.005209,999
363,17703,13697,frame_000363.jpg,0.986,0.000,0.524,Lap0,-2.258277,-0.125859,-96.431,0.004650,999
364,17757,13752,frame_000364.jpg,0.986,0.000,0.524,Lap0,-2.257178,-0.139093,-94.356,0.004295,999
365,17812,13806,frame_000365.jpg,0.986,0.250,0.524,Lap0,-2.256325,-0.143803,-93.308,0.003924,999
366,17873,13867,frame_000366.jpg,0.986,0.500,0.524,Lap0,-2.254385,-0.161231,-91.646,0.003848,999
367,17927,13921,frame_000367.jpg,0.986,0.000,0.524,Lap0,-2.250429,-0.179887,-88.455,0.003863,999
368,17982,13976,frame_000368.jpg,0.986,0.000,0.524,Lap0,-2.248337,-0.183158,-85.862,0.003899,999
369,18036,14030,frame_000369.jpg,0.986,0.250,0.524,Lap0,-2.247630,-0.189614,-84.588,0.003937,999
370,18091,14085,frame_000370.jpg,0.986,0.500,0.524,Lap0,-2.243310,-0.205138,-83.317,0.003972,999
371,18139,14133,frame_000371.jpg,0.986,0.000,0.524,Lap0,-2.236535,-0.225171,-81.190,0.004000,999
372,18194,14188,frame_000372.jpg,0.986,0.000,0.524,Lap0,-2.233505,-0.229845,-78.390,0.004031,999
373,18248,14243,frame_000373.jpg,0.986,0.250,0.524,Lap0,-2.231552,-0.234838,-76.824,0.004060,999
374,18303,14297,frame_000374.jpg,0.986,0.250,0.524,Lap0,-2.226435,-0.248236,-75.300,0.004085,999
375,18357,14352,frame_000375.jpg,0.986,0.500,0.524,Lap0,-2.219215,-0.262469,-73.842,0.004108,999
376,18412,14406,frame_000376.jpg,0.985,0.750,0.524,Lap0,-2.206605,-0.288471,-71.383,0.004127,999
377,18467,14461,frame_000377.jpg,0.985,1.000,0.524,Lap0,-2.185818,-0.325839,-67.547,0.004611,999
378,18521,14515,frame_000378.jpg,0.985,0.000,0.524,Lap0,-2.162557,-0.362831,-62.985,0.005328,999
379,18576,14570,frame_000379.jpg,0.985,0.000,0.524,Lap0,-2.149958,-0.376514,-58.783,0.004783,999
380,18630,14624,frame_000380.jpg,0.985,0.000,0.524,Lap0,-2.144442,-0.381468,-56.194,0.003725,999
381,18685,14679,frame_000381.jpg,0.985,0.000,0.524,Lap0,-2.139613,-0.386511,-53.993,0.003468,999
382,18739,14733,frame_000382.jpg,0.985,0.250,0.524,Lap0,-2.136163,-0.388586,-52.166,0.003457,999
383,18794,14788,frame_000383.jpg,0.985,0.500,0.524,Lap0,-2.125182,-0.400126,-51.264,0.003510,999
384,18848,14843,frame_000384.jpg,0.985,0.750,0.524,Lap0,-2.103476,-0.418831,-48.854,0.003574,999
385,18897,14891,frame_000385.jpg,0.985,1.000,0.524,Lap0,-2.074842,-0.441370,-45.562,0.003630,999
386,18957,14952,frame_000386.jpg,0.985,0.000,0.524,Lap0,-2.034309,-0.469022,-40.460,0.005304,999
387,19018,15012,frame_000387.jpg,0.985,0.000,0.524,Lap0,-2.016414,-0.476763,-35.711,0.004656,999
388,19073,15067,frame_000388.jpg,0.985,0.000,0.524,Lap0,-2.009387,-0.479146,-33.324,0.004221,999
389,19127,15121,frame_000389.jpg,0.985,0.000,0.524,Lap0,-2.004131,-0.481300,-32.202,0.004108,999
390,19182,15176,frame_000390.jpg,0.985,0.250,0.524,Lap0,-1.996579,-0.484875,-30.902,0.004093,999
391,19236,15230,frame_000391.jpg,0.985,0.500,0.524,Lap0,-1.988880,-0.487643,-30.066,0.004105,999
392,19291,15285,frame_000392.jpg,0.985,0.750,0.524,Lap0,-1.961879,-0.497344,-27.889,0.004122,999
393,19345,15339,frame_000393.jpg,0.985,0.000,0.524,Lap0,-1.935497,-0.503955,-24.278,0.004138,999
394,19394,15388,frame_000394.jpg,0.985,0.000,0.524,Lap0,-1.925784,-0.505116,-21.401,0.004154,999
395,19448,15443,frame_000395.jpg,0.985,0.000,0.524,Lap0,-1.919344,-0.505945,-19.810,0.004172,999
396,19509,15503,frame_000396.jpg,0.985,0.000,0.524,Lap0,-1.914057,-0.506882,-18.650,0.004190,999
397,19564,15558,frame_000397.jpg,0.985,0.000,0.524,Lap0,-1.912447,-0.506640,-17.955,0.004205,999
398,19612,15606,frame_000398.jpg,0.985,0.250,0.524,Lap0,-1.909220,-0.507653,-17.578,0.004217,999
399,19667,15661,frame_000399.jpg,0.985,0.500,0.524,Lap0,-1.895042,-0.509947,-16.693,0.004228,999
400,19721,15715,frame_000400.jpg,0.985,0.750,0.524,Lap0,-1.866127,-0.513284,-14.406,0.004245,999
401,19776,15770,frame_000401.jpg,0.985,0.000,0.524,Lap0,-1.837489,-0.513760,-10.551,0.004566,999
402,19836,15830,frame_000402.jpg,0.985,0.000,0.524,Lap0,-1.818730,-0.513146,-6.647,0.004521,999
403,19891,15885,frame_000403.jpg,0.985,0.000,0.524,Lap0,-1.810796,-0.512065,-5.190,0.004432,999
404,19945,15939,frame_000404.jpg,0.985,0.000,0.524,Lap0,-1.807282,-0.511323,-3.590,0.004457,999
405,20000,15994,frame_000405.jpg,0.985,0.000,0.524,Lap0,-1.807949,-0.510521,-2.353,0.004438,999
406,20054,16048,frame_000406.jpg,0.985,0.000,0.000,Lap0,-1.804548,-0.510948,-1.833,0.004380,999
407,20103,16097,frame_000407.jpg,0.985,0.000,0.000,Lap0,-1.802879,-0.511010,-1.691,0.004363,999
408,20157,16152,frame_000408.jpg,0.985,0.000,0.000,Lap0,-1.802647,-0.511017,-1.666,0.004357,999
409,20212,16206,frame_000409.jpg,0.985,0.250,0.000,Lap0,-1.798624,-0.511140,-1.660,0.004356,999
410,20267,16261,frame_000410.jpg,0.985,0.500,0.000,Lap0,-1.781505,-0.511644,-1.658,0.004354,999
411,20321,16315,frame_000411.jpg,0.984,0.750,0.000,Lap0,-1.751304,-0.512530,-1.655,0.004351,999
412,20376,16370,frame_000412.jpg,0.984,1.000,0.000,Lap0,-1.706856,-0.513825,-1.619,0.004610,999
413,20430,16424,frame_000413.jpg,0.984,1.000,0.000,Lap0,-1.647183,-0.515480,-1.463,0.005423,999
414,20485,16479,frame_000414.jpg,0.984,1.000,0.000,Lap0,-1.576436,-0.517131,-1.118,0.007596,999
415,20539,16533,frame_000415.jpg,0.984,1.000,0.000,Lap1,-1.497954,-0.518603,-1.096,0.006702,999
416,20594,16588,frame_000416.jpg,0.984,1.000,0.000,Lap1,-1.425859,-0.520028,-1.257,0.004593,999
417,20654,16649,frame_000417.jpg,0.984,1.000,0.000,Lap1,-1.348353,-0.521722,-1.296,0.003880,999
418,20709,16703,frame_000418.jpg,0.983,1.000,0.000,Lap1,-1.279080,-0.523291,-1.293,0.004547,999
419,20757,16752,frame_000419.jpg,0.983,1.000,0.000,Lap1,-1.215615,-0.524728,-1.268,0.005740,999
420,20812,16806,frame_000420.jpg,0.983,1.000,0.000,Lap1,-1.142088,-0.526383,-1.322,0.005103,999
421,20860,16855,frame_000421.jpg,0.983,1.000,0.000,Lap1,-1.075656,-0.527946,-1.400,0.006338,999
422,20921,16915,frame_000422.jpg,0.983,1.000,0.000,Lap1,-0.992735,-0.529811,-1.062,0.006443,999
423,20982,16976,frame_000423.jpg,0.983,1.000,0.000,Lap1,-0.911509,-0.531185,-0.688,0.004971,999
424,21030,17024,frame_000424.jpg,0.983,1.000,0.000,Lap1,-0.848394,-0.531930,-0.583,0.004633,999
425,21085,17079,frame_000425.jpg,0.983,1.000,0.000,Lap1,-0.776829,-0.532682,-0.659,0.006621,999
426,21139,17133,frame_000426.jpg,0.983,1.000,0.000,Lap1,-0.700811,-0.533575,-0.715,0.005258,999
427,21188,17182,frame_000427.jpg,0.983,1.000,0.000,Lap1,-0.635946,-0.534324,-0.566,0.006321,999
428,21242,17236,frame_000428.jpg,0.983,1.000,0.000,Lap1,-0.562530,-0.535021,-0.475,0.004834,999
429,21297,17291,frame_000429.jpg,0.982,1.000,0.000,Lap1,-0.491343,-0.535660,-0.602,0.005865,999
430,21345,17339,frame_000430.jpg,0.982,1.000,0.000,Lap1,-0.426682,-0.536322,-0.610,0.005198,999
431,21406,17400,frame_000431.jpg,0.982,1.000,0.000,Lap1,-0.346623,-0.537090,-0.415,0.005360,999
432,21467,17461,frame_000432.jpg,0.982,1.000,0.000,Lap1,-0.263338,-0.537562,-0.152,0.005545,999
433,21515,17509,frame_000433.jpg,0.982,1.000,0.000,Lap1,-0.198324,-0.537758,-0.174,0.006023,999
434,21576,17570,frame_000434.jpg,0.982,1.000,0.000,Lap1,-0.116753,-0.538062,-0.287,0.005079,999
435,21618,17612,frame_000435.jpg,0.982,1.000,0.000,Lap1,-0.061069,-0.538329,-0.260,0.004425,999
436,21679,17673,frame_000436.jpg,0.981,1.000,0.000,Lap1,0.019571,-0.538638,-0.125,0.005663,999
437,21727,17721,frame_000437.jpg,0.981,1.000,0.000,Lap1,0.084318,-0.538828,-0.242,0.005417,999
438,21788,17782,frame_000438.jpg,0.981,1.000,0.000,Lap1,0.166548,-0.539263,-0.423,0.005451,999
439,21848,17842,frame_000439.jpg,0.981,1.000,0.000,Lap1,0.246457,-0.539820,-0.375,0.005205,999
440,21903,17897,frame_000440.jpg,0.981,1.000,0.000,Lap1,0.319598,-0.540251,-0.240,0.005516,999
441,21964,17958,frame_000441.jpg,0.981,1.000,0.000,Lap1,0.400169,-0.540664,-0.386,0.006468,999
442,22018,18012,frame_000442.jpg,0.981,1.000,0.000,Lap1,0.474548,-0.541196,-0.476,0.005198,999
443,22085,18079,frame_000443.jpg,0.980,1.000,0.000,Lap1,0.562079,-0.541880,-0.383,0.006264,999
444,22139,18133,frame_000444.jpg,0.980,1.000,0.000,Lap1,0.635675,-0.542344,-0.322,0.005116,999
445,22194,18188,frame_000445.jpg,0.980,1.000,0.000,Lap1,0.708400,-0.542829,-0.502,0.006329,999
446,22248,18242,frame_000446.jpg,0.980,1.000,0.000,Lap1,0.782391,-0.543492,-0.565,0.004950,999
447,22303,18297,frame_000447.jpg,0.980,1.000,0.000,Lap1,0.853754,-0.544165,-0.486,0.006304,999
448,22357,18351,frame_000448.jpg,0.980,1.000,0.000,Lap1,0.927275,-0.544755,-0.411,0.005159,999
449,22412,18406,frame_000449.jpg,0.980,1.000,0.000,Lap1,0.999875,-0.545349,-0.581,0.006355,999
450,22466,18460,frame_000450.jpg,0.980,1.000,0.000,Lap1,1.073882,-0.546116,-0.645,0.004996,999
451,22521,18515,frame_000451.jpg,0.979,1.000,0.000,Lap1,1.145210,-0.546888,-0.571,0.006335,999
452,22581,18575,frame_000452.jpg,0.979,1.000,0.000,Lap1,1.226830,-0.547652,-0.496,0.005069,999
453,22636,18630,frame_000453.jpg,0.979,1.000,0.000,Lap1,1.299543,-0.548357,-0.677,0.006299,999
454,22690,18684,frame_000454.jpg,0.979,1.000,0.000,Lap1,1.373387,-0.549239,-0.729,0.004900,999
455,22745,18739,frame_000455.jpg,0.979,1.000,0.000,Lap1,1.444783,-0.550114,-0.642,0.006276,999
456,22799,18793,frame_000456.jpg,0.979,1.000,0.000,Lap1,1.518298,-0.550909,-0.578,0.005106,999
457,22854,18848,frame_000457.jpg,0.979,1.000,0.000,Lap1,1.590946,-0.551717,-0.755,0.006328,999
458,22908,18902,frame_000458.jpg,0.979,1.000,0.100,Lap1,1.664840,-0.551811,-0.602,0.004945,999
459,22963,18957,frame_000459.jpg,0.979,1.000,0.200,Lap1,1.735970,-0.549836,0.288,0.006284,999
460,23006,19000,frame_000460.jpg,0.979,0.000,0.300,Lap1,1.792784,-0.546689,1.531,0.005408,999
461,23060,19055,frame_000461.jpg,0.979,0.000,0.300,Lap1,1.833489,-0.540837,3.756,0.004120,999
462,23115,19109,frame_000462.jpg,0.979,0.000,0.400,Lap1,1.848369,-0.536754,6.195,0.003675,999
463,23170,19164,frame_000463.jpg,0.978,0.250,0.500,Lap1,1.856490,-0.533971,8.134,0.003596,999
464,23224,19218,frame_000464.jpg,0.978,0.500,0.524,Lap1,1.870413,-0.529266,10.096,0.003622,999
465,23273,19267,frame_000465.jpg,0.978,0.750,0.524,Lap1,1.894351,-0.520352,12.309,0.003668,999
466,23327,19321,frame_000466.jpg,0.978,0.000,0.524,Lap1,1.924097,-0.506617,16.051,0.003722,999
467,23382,19376,frame_000467.jpg,0.978,0.000,0.524,Lap1,1.934592,-0.499571,20.160,0.003777,999
468,23436,19430,frame_000468.jpg,0.978,0.250,0.524,Lap1,1.947731,-0.492645,23.213,0.003827,999
469,23491,19485,frame_000469.jpg,0.978,0.250,0.524,Lap1,1.954856,-0.487376,25.349,0.003874,999
470,23539,19533,frame_000470.jpg,0.978,0.500,0.524,Lap1,1.967056,-0.478191,27.039,0.003911,999
471,23600,19594,frame_000471.jpg,0.978,0.750,0.524,Lap1,1.993695,-0.457615,30.121,0.003951,999
472,23654,19649,frame_000472.jpg,0.978,0.000,0.524,Lap1,2.017878,-0.434897,34.229,0.004216,999
473,23709,19703,frame_000473.jpg,0.978,0.000,0.524,Lap1,2.028192,-0.422481,37.517,0.004399,999
474,23763,19758,frame_000474.jpg,0.978,0.000,0.524,Lap1,2.032891,-0.416380,39.364,0.004437,999
475,23818,19812,frame_000475.jpg,0.978,0.000,0.524,Lap1,2.033149,-0.415181,40.085,0.004376,999
476,23873,19867,frame_000476.jpg,0.978,0.250,0.524,Lap1,2.036393,-0.412257,40.545,0.004309,999
477,23927,19921,frame_000477.jpg,0.978,0.250,0.524,Lap1,2.043662,-0.404080,41.712,0.004292,999
478,23982,19976,frame_000478.jpg,0.978,0.500,0.524,Lap1,2.050916,-0.394752,43.061,0.004291,999
479,24036,20030,frame_000479.jpg,0.978,0.000,0.524,Lap1,2.061988,-0.379040,45.596,0.004293,999
480,24091,20085,frame_000480.jpg,0.978,0.000,0.524,Lap1,2.065472,-0.371924,48.383,0.004297,999
481,24145,20139,frame_000481.jpg,0.978,0.000,0.524,Lap1,2.066497,-0.369301,50.382,0.004303,999
482,24200,20194,frame_000482.jpg,0.978,0.250,0.524,Lap1,2.070013,-0.364959,51.242,0.004307,999
483,24254,20249,frame_000483.jpg,0.978,0.500,0.524,Lap1,2.075754,-0.354616,52.264,0.004311,999
484,24303,20297,frame_000484.jpg,0.978,0.500,0.524,Lap1,2.085668,-0.335472,54.421,0.004312,999
485,24357,20352,frame_000485.jpg,0.978,0.750,0.524,Lap1,2.098180,-0.307249,57.680,0.004572,999
486,24412,20406,frame_000486.jpg,0.978,0.000,0.524,Lap1,2.109909,-0.276094,61.575,0.005065,999
487,24467,20461,frame_000487.jpg,0.978,0.000,0.524,Lap1,2.112650,-0.262417,65.163,0.004663,999
488,24521,20515,frame_000488.jpg,0.978,0.000,0.524,Lap1,2.113180,-0.257253,67.496,0.004187,999
489,24576,20570,frame_000489.jpg,0.978,0.250,0.524,Lap1,2.115308,-0.249664,68.868,0.003995,999
490,24630,20624,frame_000490.jpg,0.978,0.500,0.524,Lap1,2.117525,-0.238897,70.378,0.003965,999
491,24685,20679,frame_000491.jpg,0.978,0.100,0.524,Lap1,2.121257,-0.213259,72.639,0.003979,999
492,24739,20733,frame_000492.jpg,0.978,0.000,0.524,Lap1,2.122073,-0.192699,76.281,0.004508,999
493,24800,20794,frame_000493.jpg,0.978,0.000,0.524,Lap1,2.122274,-0.180104,78.360,0.004732,999
494,24854,20849,frame_000494.jpg,0.978,0.000,0.524,Lap1,2.120968,-0.181012,79.943,0.004540,999
495,24909,20903,frame_000495.jpg,0.978,0.250,0.524,Lap1,2.120958,-0.184345,80.291,0.004266,999
496,24963,20958,frame_000496.jpg,0.977,0.500,0.524,Lap1,2.121637,-0.171361,80.732,0.004197,999
497,25024,21018,frame_000497.jpg,0.977,0.750,0.524,Lap1,2.121197,-0.138675,83.131,0.004250,999
498,25079,21073,frame_000498.jpg,0.977,1.000,0.524,Lap1,2.119220,-0.092896,86.793,0.005088,999
499,25139,21133,frame_000499.jpg,0.977,0.200,0.524,Lap1,2.116310,-0.020097,91.154,0.006746,999
500,25194,21188,frame_000500.jpg,0.977,0.000,0.524,Lap1,2.112667,0.034035,93.796,0.005387,999
501,25248,21242,frame_000501.jpg,0.977,0.250,0.524,Lap1,2.106216,0.054936,96.889,0.003895,999
502,25303,21297,frame_000502.jpg,0.977,0.250,0.524,Lap1,2.099975,0.072042,99.840,0.003526,999
503,25357,21352,frame_000503.jpg,0.977,0.500,0.524,Lap1,2.092210,0.091491,102.636,0.003482,999
504,25412,21406,frame_000504.jpg,0.977,0.750,0.524,Lap1,2.079525,0.120070,105.929,0.003524,999
505,25467,21461,frame_000505.jpg,0.977,0.000,0.524,Lap1,2.065593,0.144017,110.033,0.003587,999
506,25527,21521,frame_000506.jpg,0.977,0.000,0.524,Lap1,2.058288,0.153517,113.531,0.003659,999
507,25582,21576,frame_000507.jpg,0.977,0.250,0.524,Lap1,2.052635,0.161397,115.562,0.003720,999
508,25642,21636,frame_000508.jpg,0.977,0.500,0.524,Lap1,2.040071,0.178241,117.808,0.003782,999
509,25703,21697,frame_000509.jpg,0.976,0.750,0.524,Lap1,2.017498,0.206204,121.237,0.003837,999
510,25763,21758,frame_000510.jpg,0.976,0.030,0.524,Lap1,1.985438,0.240441,126.067,0.003886,999
511,25812,21806,frame_000511.jpg,0.976,0.000,0.524,Lap1,1.965825,0.255966,130.501,0.003922,999
512,25867,21861,frame_000512.jpg,0.976,0.000,0.524,Lap1,1.955825,0.262239,134.221,0.003961,999
513,25921,21915,frame_000513.jpg,0.976,0.000,0.524,Lap1,1.951951,0.264624,136.108,0.003996,999
514,25976,21970,frame_000514.jpg,0.976,0.250,0.524,Lap1,1.947037,0.267688,136.573,0.004028,999
515,26030,22024,frame_000515.jpg,0.976,0.500,0.524,Lap1,1.936986,0.275158,138.057,0.004056,999
516,26085,22079,frame_000516.jpg,0.976,0.750,0.524,Lap1,1.916375,0.288592,139.468,0.004082,999
517,26139,22133,frame_000517.jpg,0.976,0.000,0.524,Lap1,1.884417,0.306492,142.860,0.004104,999
518,26194,22188,frame_000518.jpg,0.976,0.000,0.524,Lap1,1.871433,0.310926,146.938,0.004126,999
519,26248,22242,frame_000519.jpg,0.976,0.000,0.524,Lap1,1.860386,0.315157,149.980,0.004146,999
520,26303,22297,frame_000520.jpg,0.976,0.200,0.524,Lap1,1.855294,0.316859,151.083,0.004165,999
521,26376,22370,frame_000521.jpg,0.976,0.250,0.524,Lap1,1.847765,0.319756,153.176,0.004187,999
522,26436,22430,frame_000522.jpg,0.976,0.750,0.524,Lap1,1.825644,0.326511,155.018,0.004202,999
523,26491,22485,frame_000523.jpg,0.976,0.750,0.524,Lap1,1.788861,0.335845,158.302,0.004214,999
524,26545,22539,frame_000524.jpg,0.976,0.000,0.524,Lap1,1.751234,0.341834,162.848,0.004224,999
525,26600,22594,frame_000525.jpg,0.976,0.000,0.524,Lap1,1.729939,0.342633,167.453,0.004235,999
526,26660,22655,frame_000526.jpg,0.976,0.000,0.524,Lap1,1.719313,0.342282,169.830,0.004246,999
527,26709,22703,frame_000527.jpg,0.976,0.000,0.524,Lap1,1.716298,0.341810,170.365,0.004255,999
528,26763,22758,frame_000528.jpg,0.976,0.250,0.524,Lap1,1.717908,0.341958,170.684,0.004265,999
529,26824,22818,frame_000529.jpg,0.976,0.000,0.524,Lap1,1.713306,0.341640,171.177,0.004273,999
530,26879,22873,frame_000530.jpg,0.976,0.000,0.524,Lap1,1.710213,0.341366,171.708,0.004280,999
531,26933,22927,frame_000531.jpg,0.976,0.000,0.524,Lap1,1.709565,0.341105,172.942,0.004287,999
532,26988,22982,frame_000532.jpg,0.976,0.000,0.000,Lap1,1.709520,0.341129,173.083,0.004293,999
533,27042,23036,frame_000533.jpg,0.976,0.000,0.000,Lap1,1.707513,0.341368,173.118,0.004298,999
534,27103,23097,frame_000534.jpg,0.976,0.000,0.000,Lap1,1.709993,0.341069,173.036,0.004304,999
535,27145,23139,frame_000535.jpg,0.976,0.250,0.000,Lap1,1.709324,0.341150,173.018,0.004307,999
536,27206,23200,frame_000536.jpg,0.976,0.500,0.000,Lap1,1.694053,0.343020,173.022,0.004311,999
537,27260,23255,frame_000537.jpg,0.976,0.750,0.000,Lap1,1.665828,0.346474,173.025,0.004314,999
538,27321,23315,frame_000538.jpg,0.975,1.000,0.000,Lap1,1.614713,0.352728,173.026,0.004315,999
539,27376,23370,frame_000539.jpg,0.975,1.000,0.000,Lap1,1.555214,0.360006,173.027,0.004315,999
540,27430,23424,frame_000540.jpg,0.975,1.000,0.000,Lap1,1.489881,0.367998,173.027,0.004774,999
541,27473,23467,frame_000541.jpg,0.975,1.000,0.000,Lap1,1.435847,0.374606,173.029,0.005375,999
542,27533,23527,frame_000542.jpg,0.975,1.000,0.000,Lap1,1.351793,0.384883,173.033,0.007272,999
543,27588,23582,frame_000543.jpg,0.975,1.000,0.000,Lap1,1.272550,0.394583,172.952,0.004933,999
544,27642,23636,frame_000544.jpg,0.975,1.000,0.000,Lap1,1.201274,0.403361,173.017,0.004706,999
545,27697,23691,frame_000545.jpg,0.974,1.000,0.000,Lap1,1.131320,0.411904,173.137,0.004334,999
546,27757,23752,frame_000546.jpg,0.974,1.000,0.000,Lap1,1.052823,0.421291,173.393,0.005575,999
547,27812,23806,frame_000547.jpg,0.974,1.000,0.000,Lap1,0.981285,0.429502,173.699,0.005085,999
548,27860,23855,frame_000548.jpg,0.974,1.000,0.080,Lap1,0.917333,0.436525,173.879,0.004888,999
549,27921,23915,frame_000549.jpg,0.974,1.000,0.180,Lap1,0.832920,0.445204,174.017,0.005794,999
550,27970,23964,frame_000550.jpg,0.974,1.000,0.200,Lap1,0.767474,0.450121,174.527,0.005314,999
551,28024,24018,frame_000551.jpg,0.974,1.000,0.040,Lap1,0.694949,0.453200,175.871,0.005314,999
552,28079,24073,frame_000552.jpg,0.974,1.000,0.000,Lap1,0.623960,0.456494,177.182,0.004478,999
553,28139,24133,frame_000553.jpg,0.974,1.000,0.000,Lap1,0.543351,0.460071,177.844,0.005771,999
554,28194,24188,frame_000554.jpg,0.973,1.000,0.000,Lap1,0.469983,0.462854,177.754,0.006280,999
555,28248,24242,frame_000555.jpg,0.973,1.000,0.000,Lap1,0.395700,0.465863,177.460,0.005269,999
556,28303,24297,frame_000556.jpg,0.973,1.000,0.000,Lap1,0.324485,0.469020,177.407,0.004540,999
557,28357,24352,frame_000557.jpg,0.973,1.000,0.000,Lap1,0.252518,0.472239,177.501,0.005626,999
558,28406,24400,frame_000558.jpg,0.973,1.000,0.000,Lap1,0.187828,0.475077,177.481,0.004906,999
559,28460,24455,frame_000559.jpg,0.973,1.000,0.000,Lap1,0.114865,0.478345,177.335,0.006252,999
560,28521,24515,frame_000560.jpg,0.973,1.000,0.000,Lap1,0.032292,0.482114,177.496,0.004760,999
561,28582,24576,frame_000561.jpg,0.972,1.000,0.000,Lap1,-0.049281,0.485551,177.781,0.005524,999
562,28642,24636,frame_000562.jpg,0.972,1.000,0.000,Lap1,-0.129210,0.488659,177.793,0.004655,999
563,28691,24685,frame_000563.jpg,0.972,1.000,0.000,Lap1,-0.193675,0.491176,177.684,0.005819,999
564,28745,24739,frame_000564.jpg,0.972,1.000,0.000,Lap1,-0.266638,0.494088,177.771,0.005223,999
565,28794,24788,frame_000565.jpg,0.972,1.000,0.000,Lap1,-0.332197,0.496592,177.924,0.005858,999
566,28854,24849,frame_000566.jpg,0.971,1.000,0.000,Lap1,-0.412962,0.499544,177.900,0.004488,999
567,28903,24897,frame_000567.jpg,0.971,1.000,0.000,Lap1,-0.476955,0.501923,177.766,0.005972,999
568,28957,24952,frame_000568.jpg,0.971,1.000,0.000,Lap1,-0.550230,0.504764,177.809,0.004811,999
569,29012,25006,frame_000569.jpg,0.971,1.000,0.000,Lap1,-0.623671,0.507498,177.992,0.005915,999
570,29066,25061,frame_000570.jpg,0.971,1.000,0.000,Lap1,-0.696652,0.510073,177.995,0.004595,999
571,29121,25115,frame_000571.jpg,0.971,1.000,0.000,Lap1,-0.768477,0.512623,177.864,0.006014,999
572,29176,25170,frame_000572.jpg,0.970,1.000,0.000,Lap1,-0.841821,0.515344,177.901,0.004838,999
573,29230,25224,frame_000573.jpg,0.970,1.000,0.000,Lap1,-0.915178,0.517959,178.080,0.005961,999
574,29291,25285,frame_000574.jpg,0.970,1.000,0.000,Lap1,-0.996185,0.520689,178.075,0.004532,999
575,29339,25333,frame_000575.jpg,0.970,1.000,0.000,Lap1,-1.060034,0.522864,177.947,0.006049,999
576,29400,25394,frame_000576.jpg,0.970,1.000,0.000,Lap1,-1.141442,0.525772,177.988,0.004762,999
577,29454,25448,frame_000577.jpg,0.970,1.000,0.000,Lap1,-1.214999,0.528279,178.168,0.005846,999
578,29509,25503,frame_000578.jpg,0.970,1.000,0.000,Lap1,-1.287875,0.530632,178.158,0.004554,999
579,29570,25564,frame_000579.jpg,0.970,1.000,0.000,Lap1,-1.368109,0.533267,178.013,0.005816,999
580,29624,25618,frame_000580.jpg,0.970,1.000,0.000,Lap1,-1.441104,0.535766,178.089,0.005114,999
581,29679,25673,frame_000581.jpg,0.969,1.000,0.000,Lap1,-1.514954,0.538163,178.263,0.005725,999
582,29739,25733,frame_000582.jpg,0.969,1.000,0.000,Lap1,-1.595375,0.540631,178.232,0.004403,999
583,29794,25788,frame_000583.jpg,0.969,1.000,0.000,Lap1,-1.667817,0.542921,178.090,0.005719,999
584,29848,25842,frame_000584.jpg,0.969,1.000,0.000,Lap1,-1.740527,0.545302,178.186,0.005476,999
585,29897,25891,frame_000585.jpg,0.969,1.000,0.096,Lap1,-1.806511,0.547347,178.341,0.005774,999
586,29951,25945,frame_000586.jpg,0.969,0.200,0.180,Lap1,-1.879127,0.548165,178.643,0.004514,999
587,30006,26000,frame_000587.jpg,0.969,0.000,0.296,Lap1,-1.931720,0.545872,179.760,0.005492,999
588,30060,26055,frame_000588.jpg,0.969,0.000,0.300,Lap1,-1.952821,0.542655,-178.296,0.004421,999
589,30115,26109,frame_000589.jpg,0.969,0.250,0.400,Lap1,-1.964662,0.540391,-176.670,0.004110,999
590,30170,26164,frame_000590.jpg,0.969,0.250,0.400,Lap1,-1.979371,0.537094,-175.085,0.004040,999
591,30230,26224,frame_000591.jpg,0.969,0.750,0.524,Lap1,-2.002646,0.531012,-172.890,0.004041,999
592,30279,26273,frame_000592.jpg,0.969,0.750,0.524,Lap1,-2.034156,0.521141,-170.068,0.004058,999
593,30339,26333,frame_000593.jpg,0.969,0.001,0.524,Lap1,-2.076783,0.503726,-165.070,0.004081,999
594,30394,26388,frame_000594.jpg,0.969,0.248,0.524,Lap1,-2.094339,0.492681,-160.411,0.004104,999
595,30448,26442,frame_000595.jpg,0.968,0.490,0.524,Lap1,-2.108445,0.483496,-157.087,0.004125,999
596,30503,26497,frame_000596.jpg,0.968,0.100,0.524,Lap1,-2.126769,0.470977,-154.200,0.004306,999
597,30557,26552,frame_000597.jpg,0.968,0.000,0.524,Lap1,-2.142455,0.457829,-150.721,0.004529,999
598,30606,26600,frame_000598.jpg,0.968,0.200,0.524,Lap1,-2.149820,0.450906,-148.869,0.004500,999
599,30666,26661,frame_000599.jpg,0.968,0.498,0.524,Lap1,-2.157399,0.443985,-146.940,0.004464,999
600,30721,26715,frame_000600.jpg,0.968,0.100,0.524,Lap1,-2.173649,0.428806,-145.002,0.004502,999
601,30782,26776,frame_000601.jpg,0.968,0.000,0.524,Lap1,-2.189192,0.411264,-141.611,0.004379,999
602,30830,26824,frame_000602.jpg,0.968,0.200,0.524,Lap1,-2.192236,0.406497,-139.453,0.004327,999
603,30885,26879,frame_000603.jpg,0.968,0.250,0.524,Lap1,-2.193757,0.404287,-138.235,0.004209,999
604,30933,26927,frame_000604.jpg,0.968,0.490,0.524,Lap1,-2.201586,0.395111,-137.384,0.004126,999
605,30994,26988,frame_000605.jpg,0.968,0.750,0.524,Lap1,-2.216539,0.375128,-135.122,0.004214,999
606,31048,27042,frame_000606.jpg,0.968,0.000,0.524,Lap1,-2.234023,0.348943,-131.781,0.004629,999
607,31109,27103,frame_000607.jpg,0.968,0.000,0.524,Lap1,-2.240521,0.334890,-127.965,0.004971,999
608,31157,27152,frame_000608.jpg,0.968,0.000,0.524,Lap1,-2.242936,0.329117,-126.355,0.004616,999
609,31212,27206,frame_000609.jpg,0.968,0.000,0.524,Lap1,-2.244905,0.324278,-124.883,0.004284,999
610,31266,27261,frame_000610.jpg,0.968,0.450,0.524,Lap1,-2.245994,0.321369,-123.928,0.004194,999
611,31321,27315,frame_000611.jpg,0.968,0.700,0.524,Lap1,-2.253983,0.305149,-122.833,0.004178,999
612,31376,27370,frame_000612.jpg,0.968,0.750,0.524,Lap1,-2.265680,0.276437,-120.201,0.004305,999
613,31430,27424,frame_000613.jpg,0.968,0.750,0.524,Lap1,-2.280400,0.236264,-116.456,0.005056,999
614,31491,27485,frame_000614.jpg,0.968,0.000,0.524,Lap1,-2.295186,0.190270,-111.999,0.006289,999
615,31545,27539,frame_000615.jpg,0.968,0.200,0.524,Lap1,-2.298337,0.170888,-108.363,0.004261,999
616,31600,27594,frame_000616.jpg,0.968,0.250,0.524,Lap1,-2.299481,0.159106,-105.846,0.003577,999
617,31660,27655,frame_000617.jpg,0.967,0.700,0.524,Lap1,-2.301248,0.138011,-103.419,0.003343,999
618,31721,27715,frame_000618.jpg,0.967,0.006,0.524,Lap1,-2.302692,0.102428,-99.960,0.003361,999
619,31776,27770,frame_000619.jpg,0.967,0.250,0.524,Lap1,-2.300668,0.078465,-96.264,0.003609,999
620,31830,27824,frame_000620.jpg,0.967,0.250,0.524,Lap1,-2.298181,0.060862,-92.809,0.003615,999
621,31879,27873,frame_000621.jpg,0.967,0.500,0.524,Lap1,-2.295473,0.044954,-90.067,0.003656,999
622,31939,27933,frame_000622.jpg,0.967,0.750,0.524,Lap1,-2.288968,0.011710,-86.561,0.004493,999
623,31994,27988,frame_000623.jpg,0.967,0.000,0.524,Lap1,-2.279732,-0.021407,-82.426,0.004729,999
624,32048,28042,frame_000624.jpg,0.967,0.000,0.524,Lap1,-2.273588,-0.034846,-78.640,0.004702,999
625,32103,28097,frame_000625.jpg,0.967,0.000,0.524,Lap1,-2.270554,-0.041343,-77.020,0.004530,999
626,32157,28152,frame_000626.jpg,0.967,0.000,0.524,Lap1,-2.269066,-0.042957,-74.849,0.004599,999
627,32206,28200,frame_000627.jpg,0.967,0.250,0.524,Lap1,-2.269200,-0.042868,-73.822,0.004709,999
628,32260,28255,frame_000628.jpg,0.967,0.500,0.524,Lap1,-2.265302,-0.053187,-73.676,0.004804,999
629,32315,28309,frame_000629.jpg,0.967,0.000,0.524,Lap1,-2.258164,-0.064931,-72.006,0.004700,999
630,32370,28364,frame_000630.jpg,0.967,0.000,0.524,Lap1,-2.256287,-0.068241,-70.783,0.004566,999
631,32424,28418,frame_000631.jpg,0.967,0.000,0.524,Lap1,-2.255129,-0.071210,-70.274,0.004393,999
632,32479,28473,frame_000632.jpg,0.967,0.250,0.524,Lap1,-2.254887,-0.069817,-69.887,0.004323,999
633,32533,28527,frame_000633.jpg,0.967,0.490,0.524,Lap1,-2.250208,-0.079524,-69.366,0.004306,999
634,32588,28582,frame_000634.jpg,0.967,0.748,0.524,Lap1,-2.239694,-0.097131,-67.692,0.004303,999
635,32642,28636,frame_000635.jpg,0.967,0.750,0.524,Lap1,-2.220602,-0.126931,-64.730,0.004595,999
636,32697,28691,frame_000636.jpg,0.966,0.998,0.524,Lap1,-2.194660,-0.163185,-60.752,0.005143,999
637,32757,28752,frame_000637.jpg,0.966,0.002,0.524,Lap1,-2.158443,-0.211651,-56.262,0.006765,999
638,32812,28806,frame_000638.jpg,0.966,0.000,0.524,Lap1,-2.137575,-0.234548,-52.618,0.004586,999
639,32873,28867,frame_000639.jpg,0.966,0.450,0.524,Lap1,-2.123321,-0.246038,-49.213,0.003725,999
640,32927,28921,frame_000640.jpg,0.966,0.500,0.524,Lap1,-2.105630,-0.259793,-46.465,0.003458,999
641,32994,28988,frame_000641.jpg,0.966,0.750,0.524,Lap1,-2.071306,-0.283711,-42.181,0.003450,999
642,33048,29042,frame_000642.jpg,0.966,0.000,0.524,Lap1,-2.038542,-0.302238,-37.619,0.004098,999
643,33103,29097,frame_000643.jpg,0.966,0.000,0.524,Lap1,-2.022429,-0.308148,-33.310,0.003972,999
644,33157,29152,frame_000644.jpg,0.966,0.000,0.524,Lap1,-2.014986,-0.310443,-30.914,0.003964,999
645,33206,29200,frame_000645.jpg,0.966,0.000,0.524,Lap1,-2.008384,-0.313209,-29.110,0.003983,999
646,33266,29261,frame_000646.jpg,0.966,0.250,0.524,Lap1,-2.000461,-0.315582,-26.987,0.004015,999
647,33315,29309,frame_000647.jpg,0.966,0.500,0.524,Lap1,-1.997840,-0.316387,-26.180,0.004041,999
648,33370,29364,frame_000648.jpg,0.966,0.000,0.524,Lap1,-1.982223,-0.320421,-24.697,0.004068,999
649,33424,29418,frame_000649.jpg,0.966,0.000,0.524,Lap1,-1.976813,-0.321173,-22.704,0.004093,999
650,33479,29473,frame_000650.jpg,0.966,0.000,0.524,Lap1,-1.970146,-0.323629,-21.606,0.004116,999
651,33527,29521,frame_000651.jpg,0.966,0.000,0.524,Lap1,-1.968453,-0.323588,-20.951,0.004135,999
652,33588,29582,frame_000652.jpg,0.966,0.000,0.524,Lap1,-1.966973,-0.323524,-20.401,0.004156,999
653,33642,29636,frame_000653.jpg,0.966,0.000,0.524,Lap1,-1.963654,-0.324837,-20.108,0.004174,999
654,33691,29685,frame_000654.jpg,0.966,0.000,0.524,Lap1,-1.963994,-0.324214,-19.856,0.004188,999
655,33745,29739,frame_000655.jpg,0.966,0.250,0.524,Lap1,-1.969854,-0.322372,-19.923,0.004203,999
656,33794,29788,frame_000656.jpg,0.966,0.500,0.524,Lap1,-1.958773,-0.325531,-19.910,0.004214,999
657,33848,29842,frame_000657.jpg,0.966,0.750,0.524,Lap1,-1.932790,-0.329993,-18.058,0.004226,999
658,33903,29897,frame_000658.jpg,0.966,0.750,0.524,Lap1,-1.893901,-0.334901,-14.573,0.004235,999
659,33957,29952,frame_000659.jpg,0.966,0.001,0.524,Lap1,-1.851551,-0.336668,-9.866,0.004243,999
660,34018,30012,frame_000660.jpg,0.966,0.000,0.524,Lap1,-1.829243,-0.333600,-4.607,0.004253,999
661,34066,30061,frame_000661.jpg,0.966,0.000,0.524,Lap1,-1.822664,-0.332163,-2.092,0.004261,999
662,34127,30121,frame_000662.jpg,0.966,0.000,0.524,Lap1,-1.818139,-0.331089,-0.063,0.004270,999
663,34176,30170,frame_000663.jpg,0.966,0.000,0.021,Lap1,-1.813661,-0.330792,0.820,0.004277,999
664,34236,30230,frame_000664.jpg,0.966,0.000,0.000,Lap1,-1.812634,-0.330752,1.138,0.004285,999
665,34291,30285,frame_000665.jpg,0.966,0.248,0.000,Lap1,-1.809440,-0.330695,1.212,0.004291,999
666,34351,30345,frame_000666.jpg,0.966,0.500,0.000,Lap1,-1.804335,-0.330588,1.240,0.004297,999
667,34406,30400,frame_000667.jpg,0.966,0.500,0.000,Lap1,-1.780536,-0.330074,1.246,0.004301,999
668,34460,30455,frame_000668.jpg,0.965,0.750,0.000,Lap1,-1.745334,-0.329311,1.248,0.004304,999
669,34515,30509,frame_000669.jpg,0.965,1.000,0.000,Lap1,-1.696897,-0.328257,1.249,0.004305,999
670,34569,30564,frame_000670.jpg,0.965,1.000,0.000,Lap1,-1.636202,-0.326936,1.251,0.004758,999
671,34618,30612,frame_000671.jpg,0.965,0.000,0.000,Finish,-1.509346,-0.324156,1.267,0.007668,999
