Time_ID,Left_Torque,Right_Torque
1,0,0
2,0,0
3,0,0
4,0,0
5,0,0
6,0,0
7,0,0
8,0,0
9,0,0
10,0,0
11,0,0
12,0,0
13,0,0
14,0,0
15,0,0
16,0,0
17,0,0
18,0,0
19,0,0
20,0,0
21,0,0
22,0,0
23,0,0
24,0,0
25,0,0
26,0,0
27,0,0
28,0,0
29,0,0
30,0,0
31,0,0
32,0,0
33,0,0
34,0,0
35,0,0
36,0,0
37,0,0
38,0,0
39,0,0
40,0,0
41,0,0
42,0,0
43,0,0
44,0,0
45,0,0
46,0,0
47,0,0
48,0,0
49,0,0
50,0,0
51,0,0
52,0,0
53,0,0
54,0,0
55,0,0
56,0,0
57,0,0
58,0,0
59,0,0
60,0,0
61,0,0
62,0,0
63,0,0
64,0,0
65,0,0
66,0,0
67,0,0
68,0,0
69,0,0
70,0,0
71,0,0
72,0,0
73,0,0
74,0,0
75,0,0
76,0,0
77,0,0
78,0,0
79,0,0
80,0.25,-0.25
81,0.5,-0.5
82,0.75,-0.75
83,1,-1
84,1,-1
85,1,-1
86,1,-1
87,1,-1
88,1,-1
89,1,-1
90,1,-1
91,1,-1
92,1,-1
93,1,-1
94,1,-1
95,1,-1
96,1,-1
97,1,-1
98,0,0
99,0,0
100,0,0
101,0,0
102,0,0
103,0,0
104,0,0
105,0,0
106,0,0
107,0,0
108,0,0
109,0,0
110,0,0
111,0,0
112,0,0
113,0,0
114,0,0
115,0,0
116,0,0
117,0,0
118,0,0
119,0,0
120,0,0
121,0,0
122,0,0
123,0,0
124,0,0
125,0,0
126,0,0
127,0,0
128,0,0
129,0,0
130,0,0
131,0,0
132,0,0
133,0,0
134,0,0
135,0,0
136,0,0
137,0,0
138,0,0
139,0,0
140,0,0
141,0.25,0.25
142,0.5,0.5
143,0.5,0.5
144,0.005,0.005
145,0,0
146,0,0
147,0,0
148,0,0
149,0,0
150,0,0
151,0,0
152,0.25000006,0.25000006
153,0.025000004,0.025000004
154,0,0
155,0,0
156,0,0
157,0,0
158,0,0
159,0,0
160,0,0
161,0,0
162,0,0
163,0,0
164,0,0
165,0,0
166,0,0
167,0,0
168,0,0
169,0,0
170,0,0
171,0,0
172,0,0
173,0,0
174,0,0
175,0,0
176,0.25,0.25
177,0.025,0.025
178,0,0
179,0,0
180,0,0
181,0,0
182,0,0
183,0,0
184,0,0
185,0,0
186,0,0
187,0,0
188,0,0
189,0,0
190,0,0
191,0,0
192,0,0
193,0,0
194,0,0
195,0,0
196,0.5,0.5
197,0.050000001,0.050000001
198,0,0
199,0,0
200,0,0
201,0,0
202,0,0
203,0,0
204,0,0
205,0,0
206,0,0
207,0,0
208,0,0
209,0,0
210,0,0
211,0,0
212,0,0
213,0,0
214,0,0
215,0,0
216,0,0
217,0,0
218,0,0
219,0,0
220,0.25,0.25
221,0.025,0.025
222,0,0
223,0,0
224,0,0
225,0,0
226,0,0
227,0,0
228,0,0
229,0,0
230,0,0
231,0,0
232,0,0
233,0,0
234,0,0
235,0,0
236,0,0
237,0,0
238,0,0
239,0,0
240,0,0
241,0,0
242,0,0
243,0,0
244,0,0
245,-0.25,0.25
246,-0.25,0.25
247,-0.25,0.25
248,-0.25,0.25
249,-0.25,0.25
250,-0.25,0.25
251,-0.25,0.25
252,-0.25,0.25
253,-0.25,0.25
254,-0.25,0.25
255,-0.25,0.25
256,-0.25,0.25
257,-0.25,0.25
258,-0.25,0.25
259,-0.25,0.25
260,-0.25,0.25
261,-0.25,0.25
262,-0.25,0.25
263,-0.25,0.25
264,-0.25,0.25
265,0,0
266,0,0
267,0,0
268,0,0
269,0,0
270,0,0
271,0,0
272,0,0
273,0,0
274,0,0
275,0,0
276,0,0
277,0,0
278,0,0
279,0,0
280,0,0
281,0,0
282,0,0
283,0,0
284,0,0
285,0,0
286,0,0
287,0,0
288,-0.25,-0.25
289,-0.5,-0.5
290,-1,-1
291,-1,-1
292,-1,-1
293,-1,-1
294,-1,-1
295,-1,-1
296,-1,-1
297,-1,-1
298,-1,-1
299,-1,-1
300,-1,-1
301,-1,-1
302,-1,-1
303,-1,-1
304,-1,-1
305,-1,-1
306,-1,-1
307,-1,-1
308,-1,-1
309,-1,-1
310,-1,-1
311,0,0
312,0,0
313,0,0
314,0,0
315,0,0
316,0,0
317,0,0
318,0,0
319,0,0
320,0,0
321,0,0
322,0,0
323,0,0
324,0,0
325,0,0
326,0,0
327,0,0
328,0,0
329,0,0
330,0,0
331,0,0
332,0.25,0.25
333,0.25,0.25
334,0.25,0.25
335,0.25,0.25
336,0,0
337,0,0
338,0,0
339,0,0
340,0,0
341,0,0
342,0,0
343,0,0
344,0,0
345,0,0
346,0,0
347,0,0
348,0,0
349,0,0
350,0,0
351,0,0
352,0,0
353,0,0
354,0,0
355,0,0
356,0,0
357,0,0
358,0,0
359,0,0
360,0,0
361,0,0
362,0,0
363,0,0
364,0,0
365,0,0
366,0,0
367,0,0
368,0,0
369,0,0
370,0,0
371,0,0
372,0,0
373,0,0
374,0,0
375,0,0
376,0,0
377,0,0
378,0,0
379,0,0
380,0,0
381,0,0
382,0,0
383,0,0
384,-0.25,0.25
385,-0.25,0.25
386,-0.25,0.25
387,-0.25,0.25
388,-0.25,0.25
389,-0.25,0.25
390,-0.25,0.25
391,-0.25,0.25
392,-0.25,0.25
393,-0.25,0.25
394,-0.25,0.25
395,-0.25,0.25
396,-0.25,0.25
397,0,0
398,0,0
399,0,0
400,0,0
401,0,0
402,0,0
403,0,0
404,0,0
405,0,0
406,0,0
407,0,0
408,0,0
409,0,0
410,0,0
411,0,0
412,0,0
413,0,0
414,0,0
415,0,0
416,0,0
417,0,0
418,0,0
419,0,0
420,0,0
421,0,0
422,0,0
423,0,0
424,0,0
425,0,0
426,0,0
427,0,0
428,0,0
429,0,0
430,0,0
431,0,0
432,0,0
433,0,0
434,0,0
435,0,0
436,0,0
437,0,0
438,0,0
439,0,0
440,0,0
441,0,0
442,0,0
443,0,0
444,0,0
445,0,0
446,-0.25,-0.25
447,-0.5,-0.5
448,-0.75,-0.75
449,-1,-1
450,-1,-1
451,-1,-1
452,-1,-1
453,-1,-1
454,-1,-1
455,-1,-1
456,-1,-1
457,-1,-1
458,-1,-1
459,-1,-1
460,-1,-1
461,-1,-1
462,-1,-1
463,-1,-1
464,-1,-1
465,-1,-1
466,-1,-1
467,-1,-1
468,-1,-1
469,-1,-1
470,-1,-1
471,-1,-1
472,-1,-1
473,-1,-1
474,-1,-1
475,-1,-1
476,-1,-1
477,-1,-1
478,-1,-1
479,-1,-1
480,-1,-1
481,-1,-1
482,-1,-1
483,-1,-1
484,-1,-1
485,-1,-1
486,-1,-1
487,-1,-1
488,-1,-1
489,-1,-1
490,-1,-1
491,-1,-1
492,-1,-1
493,-1,-1
494,-1,-1
495,-1,-1
496,-1,-1
497,-1,-1
498,-1,-1
499,-1,-1
500,-1,-1
501,-1,-1
502,-1,-1
503,-1,-1
504,-1,-1
505,-1,-1
506,-1,-1
507,-1,-1
508,-1,-1
509,-1,-1
510,-1,-1
511,-1,-1
512,-1,-1
513,-1,-1
514,-1,-1
515,-1,-1
516,-1,-1
517,-1,-1
518,-1,-1
519,-1,-1
520,-1,-1
521,-1,-1
522,-1,-1
523,-1,-1
524,-1,-1
525,-1,-1
526,-1,-1
527,-1,-1
528,-1,-1
529,-1,-1
530,-1,-1
531,0,0
532,0,0
533,0,0
534,0,0
535,0,0
536,0,0
537,0,0
538,0,0
539,0,0
540,0,0
541,0,0
542,0,0
543,0,0
544,0,0
545,0,0
546,0,0
547,0,0
548,0,0
549,0,0
550,0,0
551,0,0
552,0,0
553,0,0
554,0,0
555,0,0
556,0,0
557,0,0
558,0,0
559,0,0
560,0,0
561,0,0
562,0,0
563,0,0
564,0,0
565,0,0
566,0,0
567,0,0
568,0,0
569,0,0
570,0,0
571,0,0
572,0,0
573,0,0
574,0,0
575,0,0
576,0,0
577,0,0
578,0,0
579,0,0
580,0,0
581,0,0
582,0,0
583,0,0
584,0,0
585,0,0
586,0,0
587,0,0
588,0,0
589,0,0
590,0,0
591,0,0
592,0,0
593,0,0
594,0,0
595,0,0
596,0,0
597,0,0
598,0,0
599,0,0
600,0,0
601,0,0
602,0,0
603,0,0
604,0,0
605,0,0
606,0,0
607,0,0
608,0,0
609,0,0
610,0,0
611,0,0
612,0,0
613,0,0
614,0,0
615,0,0
616,0,0
617,0,0
618,0,0
619,0,0
620,0,0
621,0,0
622,0,0
623,0,0
624,0,0
625,0,0
626,0,0
627,0,0
628,0,0
629,0,0
630,0,0
631,0,0
632,0,0
633,0,0
634,0,0
635,0,0
636,0,0
637,0,0
638,0,0
639,0,0
640,0,0
641,0,0
642,0,0
643,0,0
644,0,0
645,0.25,0.25
646,0.25,0.25
647,0.25,0.25
648,0.25,0.25
649,0.25,0.25
650,0.25,0.25
651,0.25,0.25
652,0,0
653,0,0
654,0,0
655,0,0
656,0,0
657,0,0
658,0,0
659,0,0
660,0,0
661,0,0
662,0,0
663,0,0
664,0,0
665,0,0
666,0,0
667,0,0
668,0,0
669,0,0
670,0,0
671,0,0
672,0,0
673,0,0
674,0,0
675,0,0
676,0,0
677,0,0
678,0,0
679,0,0
680,0,0
681,0,0
682,0,0
683,0,0
684,0,0
685,0,0
686,0,0
687,0,0
688,0,0
689,0,0
690,0,0
691,0,0
692,0,0
693,0,0
694,0,0
695,0,0
696,-0.25,0.25
697,-0.25,0.25
698,-0.25,0.25
699,-0.25,0.25
700,-0.25,0.25
701,-0.25,0.25
702,-0.25,0.25
703,-0.25,0.25
704,-0.25,0.25
705,-0.25,0.25
706,-0.25,0.25
707,-0.25,0.25
708,-0.25,0.25
709,-0.25,0.25
710,-0.25,0.25
711,-0.25,0.25
712,-0.25,0.25
713,-0.25,0.25
714,-0.25,0.25
715,0,0
716,0,0
717,0,0
718,0,0
719,0,0
720,0,0
721,0,0
722,0,0
723,0,0
724,0,0
725,0,0
726,0,0
727,0,0
728,0,0
729,0,0
730,-0.25,-0.25
731,-0.5,-0.5
732,-0.75,-0.75
733,-1,-1
734,-1,-1
735,-1,-1
736,-1,-1
737,-1,-1
738,-1,-1
739,-1,-1
740,-1,-1
741,-1,-1
742,-1,-1
743,-1,-1
744,-1,-1
745,-1,-1
746,-1,-1
747,-1,-1
748,-1,-1
749,-1,-1
750,-1,-1
751,0,0
752,0,0
753,0,0
754,0,0
755,0,0
756,0,0
757,0,0
758,0,0
759,0,0
760,0,0
761,0,0
762,0,0
763,0,0
764,0,0
765,0,0
766,0,0
767,0,0
768,0,0
769,0,0
770,0,0
771,0,0
772,0,0
773,0,0
774,0,0
775,0,0
776,0,0
777,0,0
778,0,0
779,0,0
780,0,0
781,0,0
782,0,0
783,0,0
784,0,0
785,0,0
786,0,0
787,0.25,0.25
788,0.25,0.25
789,0.25,0.25
790,0.25,0.25
791,0.25,0.25
792,0.25,0.25
793,0.25,0.25
794,0,0
795,0,0
796,0,0
797,0,0
798,0,0
799,0,0
800,0,0
801,0,0
802,0,0
803,-0.25,0.25
804,-0.25,0.25
805,-0.25,0.25
806,-0.25,0.25
807,-0.25,0.25
808,-0.25,0.25
809,-0.25,0.25
810,-0.25,0.25
811,-0.25,0.25
812,-0.25,0.25
813,-0.25,0.25
814,-0.25,0.25
815,-0.25,0.25
816,-0.25,0.25
817,0,0
818,0,0
819,0,0
820,0,0
821,0,0
822,0,0
823,0,0
824,0,0
825,0,0
826,0,0
827,0,0
828,0,0
829,0,0
830,0,0
831,0,0
832,0,0
833,0,0
834,0,0
835,0,0
836,0,0
837,0,0
838,0,0
839,0,0
840,0,0
841,0,0
842,0,0
843,0,0
844,0,0
845,-0.25,-0.25
846,-0.5,-0.5
847,-0.75,-0.75
848,-1,-1
849,-1,-1
850,-1,-1
851,-1,-1
852,-1,-1
853,-1,-1
854,-1,-1
855,-1,-1
856,-1,-1
857,-1,-1
858,-1,-1
859,-1,-1
860,-1,-1
861,-1,-1
862,-1,-1
863,-1,-1
864,-1,-1
865,-1,-1
866,-1,-1
867,-1,-1
868,-1,-1
869,-1,-1
870,-1,-1
871,-1,-1
872,-1,-1
873,-1,-1
874,-1,-1
875,-1,-1
876,-1,-1
877,-1,-1
878,-1,-1
879,-1,-1
880,-1,-1
881,-1,-1
882,-1,-1
883,-1,-1
884,-1,-1
885,-1,-1
886,-1,-1
887,-1,-1
888,-1,-1
889,-1,-1
890,-1,-1
891,-1,-1
892,-1,-1
893,-1,-1
894,-1,-1
895,-1,-1
896,-1,-1
897,-1,-1
898,-1,-1
899,-1,-1
900,-1,-1
901,-1,-1
902,-1,-1
903,-1,-1
904,-1,-1
905,-1,-1
906,-1,-1
907,-1,-1
908,-1,-1
909,-1,-1
910,-1,-1
911,-1,-1
912,-1,-1
913,-1,-1
914,-1,-1
915,-1,-1
916,-1,-1
917,-1,-1
918,-1,-1
919,-1,-1
920,-1,-1
921,-1,-1
922,-1,-1
923,-1,-1
924,-1,-1
925,-1,-1
926,-1,-1
927,-1,-1
928,-1,-1
929,-1,-1
930,0,0
931,0,0
932,0,0
933,0,0
934,0,0
935,0,0
936,0,0
937,0,0
938,0,0
939,0,0
940,0,0
941,0,0
942,0,0
943,0,0
944,0,0
945,0,0
946,0,0
947,0,0
948,0,0
949,0,0
950,0,0
951,0,0
952,0,0
953,0,0
954,0,0
955,0,0
956,0,0
957,0,0
958,0,0
959,0,0
960,0,0
961,0,0
962,0,0
963,0,0
964,0,0
965,0,0
966,0,0
967,0,0
968,0,0
969,0,0
970,0,0
971,0,0
972,0,0
973,0,0
974,0,0
975,0,0
976,0,0
977,0,0
978,0,0
979,0,0
980,0,0
981,0,0
982,0,0
983,0,0
984,0,0
985,0,0
986,0,0
987,0,0
988,0,0
989,0,0
990,0,0
991,0,0
992,0,0
993,0,0
994,0,0
995,0,0
996,0,0
997,0,0
998,0,0
999,0,0
1000,0,0
1001,0,0
1002,0,0
1003,0,0
1004,0,0
1005,0,0
1006,0,0
1007,0,0
1008,0,0
1009,0,0
1010,0,0
1011,0,0
1012,0,0
1013,0,0
1014,0,0
1015,0,0
1016,0,0
1017,0,0
1018,0,0
1019,0,0
1020,0,0
1021,0,0
1022,0,0
1023,0,0
1024,0,0
1025,0,0
1026,0,0
1027,0,0
1028,0,0
1029,0,0
1030,0,0
1031,0,0
1032,0,0
1033,0,0
1034,0,0
1035,0,0
1036,0,0
1037,0,0
1038,0,0
1039,0,0
1040,0,0
1041,0,0
1042,0,0
1043,0,0
1044,0.25,0.25
1045,0.25,0.25
1046,0.25,0.25
1047,0.25,0.25
1048,0.25,0.25
1049,0.25,0.25
1050,0.25,0.25
1051,0,0
1052,0,0
1053,0,0
1054,0,0
1055,0,0
1056,0,0
1057,0,0
1058,0,0
1059,0,0
1060,0,0
1061,0,0
1062,0,0
1063,0,0
1064,0,0
1065,0,0
1066,0,0
1067,0,0
1068,0,0
1069,0,0
1070,-0.25,0.25
1071,-0.25,0.25
1072,-0.25,0.25
1073,-0.25,0.25
1074,-0.25,0.25
1075,-0.25,0.25
1076,-0.25,0.25
1077,-0.25,0.25
1078,-0.25,0.25
1079,-0.25,0.25
1080,-0.25,0.25
1081,-0.25,0.25
1082,-0.25,0.25
1083,-0.25,0.25
1084,-0.25,0.25
1085,0,0
1086,0,0
1087,0,0
1088,0,0
1089,0,0
1090,0,0
1091,0,0
1092,0,0
1093,0,0
1094,0,0
1095,0,0
1096,0,0
1097,0,0
1098,0,0
1099,0,0
1100,0,0
1101,0,0
1102,0,0
1103,0,0
1104,0,0
1105,0,0
1106,0,0
1107,0,0
1108,0,0
1109,0,0
1110,0,0
1111,0,0
1112,0,0
1113,-0.25,-0.25
1114,-0.5,-0.5
1115,-1,-1
1116,-1,-1
1117,-1,-1
1118,-1,-1
1119,-1,-1
1120,-1,-1
1121,-1,-1
1122,-1,-1
1123,-1,-1
1124,-1,-1
1125,-1,-1
1126,-1,-1
1127,-1,-1
1128,-1,-1
1129,-1,-1
1130,-1,-1
1131,-1,-1
1132,-1,-1
1133,-1,-1
1134,-1,-1
1135,-1,-1
1136,0,0
1137,0,0
1138,0,0
1139,0,0
1140,0,0
1141,0,0
1142,0,0
1143,0,0
1144,0,0
1145,0,0
1146,0,0
1147,0,0
1148,0,0
1149,0,0
1150,0,0
1151,0,0
1152,0,0
1153,0,0
1154,0,0
1155,0,0
1156,0,0
1157,0.25,0.25
1158,0.25,0.25
1159,0.25,0.25
1160,0.25,0.25
1161,0,0
1162,0,0
1163,0,0
1164,0,0
1165,0,0
1166,0,0
1167,0,0
1168,0,0
1169,0,0
1170,0,0
1171,0,0
1172,0,0
1173,0,0
1174,0,0
1175,0,0
1176,0,0
1177,0,0
1178,0,0
1179,0,0
1180,0,0
1181,0,0
1182,0,0
1183,0,0
1184,0,0
1185,0,0
1186,0,0
1187,0,0
1188,0,0
1189,0,0
1190,0,0
1191,0,0
1192,0,0
1193,0,0
1194,0,0
1195,0,0
1196,0,0
1197,0,0
1198,0,0
1199,0,0
1200,0,0
1201,0,0
1202,0,0
1203,0,0
1204,0,0
1205,0,0
1206,0,0
1207,0,0
1208,0,0
1209,-0.25,0.25
1210,-0.25,0.25
1211,-0.25,0.25
1212,-0.25,0.25
1213,-0.25,0.25
1214,-0.25,0.25
1215,-0.25,0.25
1216,-0.25,0.25
1217,-0.25,0.25
1218,-0.25,0.25
1219,-0.25,0.25
1220,-0.25,0.25
1221,-0.25,0.25
1222,0,0
1223,0,0
1224,0,0
1225,0,0
1226,0,0
1227,0,0
1228,0,0
1229,0,0
1230,0,0
1231,0,0
1232,0,0
1233,0,0
1234,0,0
1235,0,0
1236,0,0
1237,0,0
1238,0,0
1239,0,0
1240,0,0
1241,0,0
1242,0,0
1243,0,0
1244,0,0
1245,0,0
1246,0,0
1247,0,0
1248,0,0
1249,0,0
1250,0,0
1251,0,0
1252,0,0
1253,0,0
1254,0,0
1255,0,0
1256,0,0
1257,0,0
1258,0,0
1259,0,0
1260,0,0
1261,0,0
1262,0,0
1263,0,0
1264,0,0
1265,0,0
1266,0,0
1267,0,0
1268,0,0
1269,0,0
1270,0,0
1271,-0.25,-0.25
1272,-0.5,-0.5
1273,-0.75,-0.75
1274,-1,-1
1275,-1,-1
1276,-1,-1
1277,-1,-1
1278,-1,-1
1279,-1,-1
1280,-1,-1
1281,-1,-1
1282,-1,-1
1283,-1,-1
1284,-1,-1
1285,-1,-1
1286,-1,-1
1287,-1,-1
1288,-1,-1
1289,-1,-1
1290,-1,-1
1291,-1,-1
1292,-1,-1
1293,-1,-1
1294,-1,-1
1295,-1,-1
1296,-1,-1
1297,-1,-1
1298,-1,-1
1299,-1,-1
1300,-1,-1
1301,-1,-1
1302,-1,-1
1303,-1,-1
1304,-1,-1
1305,-1,-1
1306,-1,-1
1307,-1,-1
1308,-1,-1
1309,-1,-1
1310,-1,-1
1311,-1,-1
1312,-1,-1
1313,-1,-1
1314,-1,-1
1315,-1,-1
1316,-1,-1
1317,-1,-1
1318,-1,-1
1319,-1,-1
1320,-1,-1
1321,-1,-1
1322,-1,-1
1323,-1,-1
1324,-1,-1
1325,-1,-1
1326,-1,-1
1327,-1,-1
1328,-1,-1
1329,-1,-1
1330,-1,-1
1331,-1,-1
1332,-1,-1
1333,-1,-1
1334,-1,-1
1335,-1,-1
1336,-1,-1
1337,-1,-1
1338,-1,-1
1339,-1,-1
1340,-1,-1
1341,-1,-1
1342,-1,-1
1343,-1,-1
1344,-1,-1
1345,-1,-1
1346,-1,-1
1347,-1,-1
1348,-1,-1
1349,-1,-1
1350,-1,-1
1351,-1,-1
1352,-1,-1
1353,-1,-1
1354,-1,-1
1355,-1,-1
1356,0,0
1357,0,0
1358,0,0
1359,0,0
1360,0,0
1361,0,0
1362,0,0
1363,0,0
1364,0,0
1365,0,0
1366,0,0
1367,0,0
1368,0,0
1369,0,0
1370,0,0
1371,0,0
1372,0,0
1373,0,0
1374,0,0
1375,0,0
1376,0,0
1377,0,0
1378,0,0
1379,0,0
1380,0,0
1381,0,0
1382,0,0
1383,0,0
1384,0,0
1385,0,0
1386,0,0
1387,0,0
1388,0,0
1389,0,0
1390,0,0
1391,0,0
1392,0,0
1393,0,0
1394,0,0
1395,0,0
1396,0,0
1397,0,0
1398,0,0
1399,0,0
1400,0,0
1401,0,0
1402,0,0
1403,0,0
1404,0,0
1405,0,0
1406,0,0
1407,0,0
1408,0,0
1409,0,0
1410,0,0
1411,0,0
1412,0,0
1413,0,0
1414,0,0
1415,0,0
1416,0,0
1417,0,0
1418,0,0
1419,0,0
1420,0,0
1421,0,0
1422,0,0
1423,0,0
1424,0,0
1425,0,0
1426,0,0
1427,0,0
1428,0,0
1429,0,0
1430,0,0
1431,0,0
1432,0,0
1433,0,0
1434,0,0
1435,0,0
1436,0,0
1437,0,0
1438,0,0
1439,0,0
1440,0,0
1441,0,0
1442,0,0
1443,0,0
1444,0,0
1445,0,0
1446,0,0
1447,0,0
1448,0,0
1449,0,0
1450,0,0
1451,0,0
1452,0,0
1453,0,0
1454,0,0
1455,0,0
1456,0,0
1457,0,0
1458,0,0
1459,0,0
1460,0,0
1461,0,0
1462,0,0
1463,0,0
1464,0,0
1465,0,0
1466,0,0
1467,0,0
1468,0,0
1469,0,0
1470,0.25,0.25
1471,0.25,0.25
1472,0.25,0.25
1473,0.25,0.25
1474,0.25,0.25
1475,0.25,0.25
1476,0.25,0.25
1477,0,0
1478,0,0
1479,0,0
1480,0,0
1481,0,0
1482,0,0
1483,0,0
1484,0,0
1485,0,0
1486,0,0
1487,0,0
1488,0,0
1489,0,0
1490,0,0
1491,0,0
1492,0,0
1493,0,0
1494,0,0
1495,0,0
1496,0,0
1497,0,0
1498,0,0
1499,0,0
1500,0,0
1501,0,0
1502,0,0
1503,0,0
1504,0,0
1505,0,0
1506,0,0
1507,0,0
1508,0,0
1509,0,0
1510,0,0
1511,0,0
1512,0,0
1513,0,0
1514,0,0
1515,0,0
1516,0,0
1517,0,0
1518,0,0
1519,0,0
1520,0,0
1521,-0.25,0.25
1522,-0.25,0.25
1523,-0.25,0.25
1524,-0.25,0.25
1525,-0.25,0.25
1526,-0.25,0.25
1527,-0.25,0.25
1528,-0.25,0.25
1529,-0.25,0.25
1530,-0.25,0.25
1531,-0.25,0.25
1532,-0.25,0.25
1533,-0.25,0.25
1534,-0.25,0.25
1535,-0.25,0.25
1536,-0.25,0.25
1537,-0.25,0.25
1538,-0.25,0.25
1539,-0.25,0.25
1540,0,0
1541,0,0
1542,0,0
1543,0,0
1544,0,0
1545,0,0
1546,0,0
1547,0,0
1548,0,0
1549,0,0
1550,0,0
1551,0,0
1552,0,0
1553,0,0
1554,0,0
1555,-0.25,-0.25
1556,-0.5,-0.5
1557,-0.75,-0.75
1558,-1,-1
1559,-1,-1
1560,-1,-1
1561,-1,-1
1562,-1,-1
1563,-1,-1
1564,-1,-1
1565,-1,-1
1566,-1,-1
1567,-1,-1
1568,-1,-1
1569,-1,-1
1570,-1,-1
1571,-1,-1
1572,-1,-1
1573,-1,-1
1574,-1,-1
1575,-1,-1
1576,0,0
1577,0,0
1578,0,0
1579,0,0
1580,0,0
1581,0,0
1582,0,0
1583,0,0
1584,0,0
1585,0,0
1586,0,0
1587,0,0
1588,0,0
1589,0,0
1590,0,0
1591,0,0
1592,0,0
1593,0,0
1594,0,0
1595,0,0
1596,0,0
1597,0,0
1598,0,0
1599,0,0
1600,0,0
1601,0,0
1602,0,0
1603,0,0
1604,0,0
1605,0,0
1606,0,0
1607,0,0
1608,0,0
1609,0,0
1610,0,0
1611,0,0
1612,0.25,0.25
1613,0.25,0.25
1614,0.25,0.25
1615,0.25,0.25
1616,0.25,0.25
1617,0.25,0.25
1618,0.25,0.25
1619,0,0
1620,0,0
1621,0,0
1622,0,0
1623,0,0
1624,0,0
1625,0,0
1626,0,0
1627,0,0
1628,-0.25,0.25
1629,-0.25,0.25
1630,-0.25,0.25
1631,-0.25,0.25
1632,-0.25,0.25
1633,-0.25,0.25
1634,-0.25,0.25
1635,-0.25,0.25
1636,-0.25,0.25
1637,-0.25,0.25
1638,-0.25,0.25
1639,-0.25,0.25
1640,-0.25,0.25
1641,-0.25,0.25
1642,0,0
1643,0,0
1644,0,0
1645,0,0
1646,0,0
1647,0,0
1648,0,0
1649,0,0
1650,0,0
1651,0,0
1652,0,0
1653,0,0
1654,0,0
1655,0,0
1656,0,0
1657,0,0
1658,0,0
1659,0,0
1660,0,0
1661,0,0
1662,0,0
1663,0,0
1664,0,0
1665,0,0
1666,0,0
1667,0,0
1668,0,0
1669,0,0
1670,-0.25,-0.25
1671,-0.5,-0.5
1672,-0.75,-0.75
1673,-1,-1
1674,-1,-1
1675,-1,-1
1676,-1,-1
1677,-1,-1
1678,-1,-1
1679,-1,-1
1680,-1,-1
1681,-1,-1
1682,-1,-1
1683,-1,-1
1684,-1,-1
1685,-1,-1
1686,-1,-1
1687,-1,-1
1688,-1,-1
1689,-1,-1
1690,-1,-1
1691,-1,-1
1692,-1,-1
1693,-1,-1
1694,-1,-1
1695,-1,-1
1696,-1,-1
1697,-1,-1
1698,-1,-1
1699,-1,-1
1700,-1,-1
1701,-1,-1
1702,-1,-1
1703,-1,-1
1704,-1,-1
1705,-1,-1
1706,-1,-1
1707,-1,-1
1708,-1,-1
1709,-1,-1
1710,-1,-1
1711,-1,-1
1712,-1,-1
1713,-1,-1
1714,-1,-1
1715,-1,-1
1716,-1,-1
1717,-1,-1
1718,-1,-1
1719,-1,-1
1720,-1,-1
1721,-1,-1
1722,-1,-1
1723,-1,-1
1724,-1,-1
1725,-1,-1
1726,-1,-1
1727,-1,-1
1728,-1,-1
1729,-1,-1
1730,-1,-1
1731,-1,-1
1732,-1,-1
1733,-1,-1
1734,-1,-1
1735,-1,-1
1736,-1,-1
1737,-1,-1
1738,-1,-1
1739,-1,-1
1740,-1,-1
1741,-1,-1
1742,-1,-1
1743,-1,-1
1744,-1,-1
1745,-1,-1
1746,-1,-1
1747,-1,-1
1748,-1,-1
1749,-1,-1
1750,-1,-1
1751,-1,-1
1752,-1,-1
1753,-1,-1
1754,-1,-1
1755,0,0
1756,0,0
1757,0,0
1758,0,0
1759,0,0
1760,0,0
1761,0,0
1762,0,0
1763,0,0
1764,0,0
1765,0,0
1766,0,0
1767,0,0
1768,0,0
1769,0,0
1770,0,0
1771,0,0
1772,0,0
1773,0,0
1774,0,0
1775,0,0
1776,0,0
1777,0,0
1778,0,0
1779,0,0
1780,0,0
1781,0,0
1782,0,0
1783,0,0
1784,0,0
1785,0,0
1786,0,0
1787,0,0
1788,0,0
1789,0,0
1790,0,0
1791,0,0
1792,0,0
1793,0,0
1794,0,0
1795,0,0
1796,0,0
1797,0,0
1798,0,0
1799,0,0
1800,0,0
1801,0,0
1802,0,0
1803,0,0
1804,0,0
1805,0,0
1806,0,0
1807,0,0
1808,0,0
1809,0,0
1810,0,0
1811,0,0
1812,0,0
1813,0,0
1814,0,0
1815,0,0
1816,0,0
1817,0,0
1818,0,0
1819,0,0
1820,0,0
1821,0,0
1822,0,0
1823,0,0
1824,0,0
1825,0,0
1826,0,0
1827,0,0
1828,0,0
1829,0,0
1830,0,0
1831,0,0
1832,0,0
1833,0,0
1834,0,0
1835,0,0
1836,0,0
1837,0,0
1838,0,0
1839,0,0
1840,0,0
1841,0,0
1842,0,0
1843,0,0
1844,0,0
1845,0,0
1846,0,0
1847,0,0
1848,0,0
1849,0,0
1850,0,0
1851,0,0
1852,0,0
1853,0,0
1854,0,0
1855,0,0
1856,0,0
1857,0,0
1858,0,0
1859,0,0
1860,0,0
1861,0,0
1862,0,0
1863,0,0
1864,0,0
1865,0,0
1866,0,0
1867,0,0
1868,0,0
1869,0.25,0.25
1870,0.25,0.25
1871,0.25,0.25
1872,0.25,0.25
1873,0.25,0.25
1874,0.25,0.25
1875,0.25,0.25
1876,0,0
1877,0,0
1878,,
1879,,
1880,,
1881,,
1882,,
1883,,
1884,,
1885,,
1886,,
1887,,
1888,,
1889,,
1890,,
1891,,
1892,,
1893,,
1894,,
1895,,
1896,,
1897,,
1898,,
1899,,
1900,,
1901,,
1902,,
1903,,
1904,,
1905,,
1906,,
1907,,
1908,,
1909,,
1910,,
1911,,
1912,,
1913,,
1914,,
1915,,
1916,,
1917,,
